FID,ALA,lat,lon,year,basis,rain,dist2rds,slope,domstrat,uhtclass,uht,ucrncov,ucrownpc,mhtclass,mht,M_Cwn_Cov,mcrownpc,ghtclass,ght,ccrncov,gcrownpc,commchng,dem,noburns,soil,sandpc,vegclass,roads5k
27,f3b6b9a1-5ede-4df1-94d9-769026445b6f,-34.8,117.7,0,PreservedSpecimen,733,0,0.224992,,,,,,,,,,,,,,98,118.5550003,0,521,40,5,1
45,c817e2b7-4229-479a-a5fd-976e26d4342e,-35,116.7,2003,PreservedSpecimen,1218,5000,,1,6,5,1,35,,,,,,,,,54,,1,584,80,,1
35,8fbe3e81-9a13-43f3-a79f-d282b810c608,-34.5,116.7,0,PreservedSpecimen,827,5000,0.0802403,3,,,,,,,,,2,0.75,6,80,98,171.9129944,0,586,80,1,0
37,71b00a2d-c7f0-48ba-9e7f-53f61c3937eb,-34.3,116.8,0,PreservedSpecimen,654,0,0.369379,1,7,20,2,65,4,2,2,65,2,0.75,1,35,98,235.0879974,0,586,80,5,1
39,64d4b8f2-5d89-4d0d-be89-c58222903038,-34.5,116.7,0,PreservedSpecimen,827,5000,0.0802403,3,,,,,,,,,2,0.75,6,80,98,171.9129944,0,586,80,1,0
46,ceead62a-9ed3-4cd8-85ff-f901f56788ce,-34.4,116.6,1976,PreservedSpecimen,767,0,0.0189603,1,7,20,2,65,4,2,1,35,1,0.25,1,35,4,167.1000061,0,608,80,1,0
109,dfbc98ee-33aa-49ec-9872-5ae44e040ff0,-34.51304,139.45912,2014,HumanObservation,291,0,0.0529214,1,6,5,3,10.125,,,7,,,,5,2.5,79,89.0599976,0,647,0,2,0
110,d74e154a-c55e-4d0b-bd27-28edb6f2850b,-34.5041,139.47667,2014,HumanObservation,291,0,0.0529214,1,6,5,3,10.125,,,7,,,,5,2.5,69,87.2309036,0,647,0,2,0
111,750409dc-2654-4f1d-899f-1050079a214d,-34.51952,139.43828,2014,HumanObservation,291,5000,0.0529214,1,6,5,3,10.125,,,7,,,,5,2.5,79,91.2622986,0,647,0,2,0
112,093dc227-38d1-4880-9b01-5d0673b101ce,-34.53167,139.46944,2014,HumanObservation,291,5000,0.0449823,1,6,5,3,10.125,,,7,,,,5,2.5,69,88.8443985,0,647,0,2,0
113,e7319d46-622e-47c6-810d-1b1de0c60bdf,-34.51387,139.43828,2014,HumanObservation,291,0,0.0529214,1,6,5,3,10.125,,,7,,,,5,2.5,79,91.2622986,0,647,0,2,0
114,e5fed407-581a-4e27-b101-11b9fe959fb9,-34.53254,139.45074,2014,HumanObservation,291,5000,0.0449823,1,6,5,3,10.125,,,7,,,,5,2.5,69,89.9710999,0,647,0,2,0
115,c79b0ba6-3787-406b-aba6-919b0c4b0448,-34.50582,139.43824,2014,HumanObservation,291,0,0.0529214,1,6,5,3,10.125,,,7,,,,5,2.5,79,86.6529999,0,647,0,2,0
116,b8d24981-9fbd-4c85-8c48-b8154f6d64a6,-34.50782,139.47088,2014,HumanObservation,291,0,0.0529214,1,6,5,3,10.125,,,7,,,,5,2.5,69,85.8339005,0,647,0,2,0
117,8ae295b2-468f-4589-bfb9-22d31645a208,-34.51245,139.46138,2014,HumanObservation,291,0,0.0529214,1,6,5,3,10.125,,,7,,,,5,2.5,79,89.1434021,0,647,0,2,0
118,7fa58485-7e64-415b-84a8-2237b2abaf00,-34.51138,139.45451,2014,HumanObservation,291,0,0.0529214,1,6,5,3,10.125,,,7,,,,5,2.5,79,89.1434021,0,647,0,2,0
119,6aad6125-4876-4ce3-bcda-cee55390f09d,-34.52141,139.47511,2014,HumanObservation,291,5000,0.0449823,1,6,5,3,10.125,,,7,,,,5,2.5,69,88.2669983,0,647,0,3,0
120,35e21cfc-ecae-4360-a853-9424eeacf942,-34.53163,139.47047,2014,HumanObservation,291,5000,0.0449823,1,6,5,3,10.125,,,7,,,,5,2.5,69,88.8443985,0,647,0,2,0
121,2a3d104b-302b-4d7e-8c99-461635a97667,-34.50751,139.47287,2014,HumanObservation,291,0,0.0529214,1,6,5,3,10.125,,,7,,,,5,2.5,69,85.8339005,0,647,0,2,0
122,05df6be4-d8e4-481a-8b89-054d1a6637ca,-34.5036,139.46794,2014,HumanObservation,291,0,0.0529214,1,6,5,3,10.125,,,7,,,,5,2.5,79,85.8339005,0,647,0,2,0
123,000db024-3d3d-4b6a-b2d9-2359fe8265e5,-34.50762,139.47407,2014,HumanObservation,291,0,0.0529214,1,6,5,3,10.125,,,7,,,,5,2.5,79,85.8339005,0,647,0,2,0
124,a378f9af-e12e-4894-8f23-dd55aa118dec,-34.52898,139.44059,2010,HumanObservation,291,5000,0.0449823,1,6,5,3,10.125,,,7,,,,5,2.5,79,89.3384018,0,647,0,2,0
125,f901e5c7-15d5-40be-93bc-e90aae8a6c78,-34.50769,139.47434,2013,HumanObservation,291,0,0.0529214,1,6,5,3,10.125,,,7,,,,5,2.5,79,85.8339005,0,647,0,2,0
126,f3aa3081-4f47-4679-8d8e-b2f58543cbd4,-34.50358,139.44729,2013,HumanObservation,291,0,0.0529214,1,6,5,3,10.125,,,7,,,,5,2.5,69,86.5904999,0,647,0,2,0
127,f33bffae-d49c-4e6b-911e-523059d5adc9,-34.52159,139.44807,2013,HumanObservation,291,5000,0.0529214,1,6,5,3,10.125,,,7,,,,5,2.5,79,87.8223038,0,647,0,2,0
128,ef6a12e0-fcaf-4241-8089-92b6d0622841,-34.53187,139.46472,2013,HumanObservation,291,5000,0.0449823,1,6,5,3,10.125,,,7,,,,5,2.5,69,88.5747986,0,647,0,2,0
129,ec1edb1b-ba1a-475c-a4cc-679d621438f7,-34.52445,139.45497,2013,HumanObservation,291,5000,0.0449823,1,6,5,3,10.125,,,7,,,,5,2.5,69,91.2212982,0,647,0,2,0
130,e9f8712b-8f20-481d-a394-efa360bd6f9c,-34.52269,139.4383,2013,HumanObservation,291,5000,0.0449823,1,6,5,3,10.125,,,7,,,,5,2.5,79,91.2622986,0,647,0,2,0
131,e9f60e65-a7f5-4d94-ad23-f54adc133648,-34.51713,139.43827,2013,HumanObservation,291,0,0.0529214,1,6,5,3,10.125,,,7,,,,5,2.5,79,91.2622986,0,647,0,2,0
132,e679e040-b376-4f4b-9d67-57531c705ff9,-34.50437,139.4383,2013,HumanObservation,291,0,0.0529214,1,6,5,3,10.125,,,7,,,,5,2.5,79,86.6529999,0,647,0,2,0
133,e56340c1-ca07-463a-9cdd-a0511ba6acef,-34.53207,139.45976,2013,HumanObservation,291,5000,0.0449823,1,6,5,3,10.125,,,7,,,,5,2.5,69,88.5747986,0,647,0,2,0
134,e0fadf6b-c890-474c-af2c-15cd66d16d65,-34.51212,139.4627,2013,HumanObservation,291,0,0.0529214,1,6,5,3,10.125,,,7,,,,5,2.5,79,89.1434021,0,647,0,2,0
135,dfd78c1a-56f8-434d-abda-ce52f6f1384a,-34.50437,139.4383,2013,HumanObservation,291,0,0.0529214,1,6,5,3,10.125,,,7,,,,5,2.5,79,86.6529999,0,647,0,2,0
136,df20816b-bc5c-4ddc-bac6-94cf261fe71c,-34.50785,139.45741,2013,HumanObservation,291,0,0.0529214,1,6,5,3,10.125,,,7,,,,5,2.5,79,89.1434021,0,647,0,2,0
137,da741e62-01b5-480e-9fe9-c925387eb63a,-34.51348,139.45768,2013,HumanObservation,291,0,0.0529214,1,6,5,3,10.125,,,7,,,,5,2.5,79,89.0599976,0,647,0,2,0
138,d760862e-ecee-400e-b1a5-b75e8e9ed069,-34.50437,139.4383,2013,HumanObservation,291,0,0.0529214,1,6,5,3,10.125,,,7,,,,5,2.5,79,86.6529999,0,647,0,2,0
139,d75a02be-bfdc-4fcb-a631-1d05d9e53467,-34.53285,139.44439,2013,HumanObservation,291,5000,0.0449823,1,6,5,3,10.125,,,7,,,,5,2.5,69,89.9710999,0,647,0,2,0
140,d50076d0-5288-4b1b-864f-45113f50e26d,-34.51592,139.45465,2013,HumanObservation,291,0,0.0529214,1,6,5,3,10.125,,,7,,,,5,2.5,69,89.0599976,0,647,0,2,0
141,d081f728-77fa-4c45-92c5-2348ec0f987b,-34.53309,139.43952,2013,HumanObservation,291,5000,0.0449823,1,6,5,3,10.125,,,7,,,,5,2.5,79,93.3080978,0,647,0,2,0
142,cbecfb9e-73ae-4f14-a41e-84cde0887263,-34.50358,139.44286,2013,HumanObservation,291,0,0.0529214,1,6,5,3,10.125,,,7,,,,5,2.5,79,86.5904999,0,647,0,2,0
143,c8025448-1464-49bf-8013-676ee62756be,-34.53,139.4383,2013,HumanObservation,291,5000,0.0449823,1,6,5,3,10.125,,,7,,,,5,2.5,79,89.3384018,0,647,0,2,0
144,c483027b-9ac9-4214-a752-dfe4ae8f4f96,-34.53233,139.45506,2013,HumanObservation,291,5000,0.0449823,1,6,5,3,10.125,,,7,,,,5,2.5,79,88.5747986,0,647,0,2,0
145,c3d354c4-0c28-4092-95b4-8ec594849c84,-34.52474,139.45234,2013,HumanObservation,291,5000,0.0449823,1,6,5,3,10.125,,,7,,,,5,2.5,79,90.1435013,0,647,0,2,0
146,bfcdeca4-87fd-4156-a481-d748d20c41a0,-34.53309,139.43952,2013,HumanObservation,291,5000,0.0449823,1,6,5,3,10.125,,,7,,,,5,2.5,79,93.3080978,0,647,0,2,0
147,bf00bd06-5c02-4d07-9877-1565ab6d37d5,-34.52944,139.47502,2013,HumanObservation,291,5000,0.0449823,1,6,5,3,10.125,,,7,,,,5,2.5,69,89.4220963,0,647,0,3,0
148,be35e1cc-05f3-404d-be8f-cbceefbad787,-34.53158,139.47059,2013,HumanObservation,291,5000,0.0449823,1,6,5,3,10.125,,,7,,,,5,2.5,69,88.8443985,0,647,0,2,0
149,bad937a7-2459-4c2d-a39b-e2eb27feedab,-34.52269,139.4383,2013,HumanObservation,291,5000,0.0449823,1,6,5,3,10.125,,,7,,,,5,2.5,79,91.2622986,0,647,0,2,0
150,b7fa2fdd-018f-4f56-b3a1-eb796a702064,-34.52474,139.45234,2013,HumanObservation,291,5000,0.0449823,1,6,5,3,10.125,,,7,,,,5,2.5,79,90.1435013,0,647,0,2,0
151,b20a9541-8378-440a-8f8b-dce309255a2e,-34.50769,139.47434,2013,HumanObservation,291,0,0.0529214,1,6,5,3,10.125,,,7,,,,5,2.5,79,85.8339005,0,647,0,2,0
152,af0c865b-8cfc-4681-b63e-6ff74d661985,-34.51348,139.45768,2013,HumanObservation,291,0,0.0529214,1,6,5,3,10.125,,,7,,,,5,2.5,79,89.0599976,0,647,0,2,0
153,a959982c-5d5e-4a70-abc1-0b343c63dcf9,-34.50412,139.4767,2013,HumanObservation,291,0,0.0529214,1,6,5,3,10.125,,,7,,,,5,2.5,69,87.2309036,0,647,0,2,0
154,a610f40e-4c4c-489f-8050-71f75269a07b,-34.53233,139.45506,2013,HumanObservation,291,5000,0.0449823,1,6,5,3,10.125,,,7,,,,5,2.5,79,88.5747986,0,647,0,2,0
155,a4503e62-3ee9-40e4-a619-f60cd556e05e,-34.53233,139.45506,2013,HumanObservation,291,5000,0.0449823,1,6,5,3,10.125,,,7,,,,5,2.5,79,88.5747986,0,647,0,2,0
156,a2060045-a3d1-46f8-ae72-d7bb85270a92,-34.51561,139.47617,2013,HumanObservation,291,0,0.0529214,1,6,5,3,10.125,,,7,,,,5,2.5,69,86.4440002,0,647,0,2,0
157,9f85c372-18af-4685-b1c6-4174cfc26353,-34.50815,139.43827,2013,HumanObservation,291,0,0.0529214,1,6,5,3,10.125,,,7,,,,5,2.5,79,86.6529999,0,647,0,2,0
158,9ae7e8f0-f0a8-404a-b3dd-8671bc56a8eb,-34.52389,139.47502,2013,HumanObservation,291,5000,0.0449823,1,6,5,3,10.125,,,7,,,,5,2.5,69,89.4220963,0,647,0,3,0
159,9981d1a5-6aa8-4fb3-8441-0e928ab29c38,-34.53207,139.45976,2013,HumanObservation,291,5000,0.0449823,1,6,5,3,10.125,,,7,,,,5,2.5,69,88.5747986,0,647,0,2,0
160,98145756-583a-4f1b-9878-ad1d4bda1b69,-34.52803,139.45288,2013,HumanObservation,291,5000,0.0449823,1,6,5,3,10.125,,,7,,,,5,2.5,69,90.1435013,0,647,0,2,0
161,953ff37e-0859-48d3-9e3b-057931d82184,-34.52254,139.45378,2013,HumanObservation,291,5000,0.0449823,1,6,5,3,10.125,,,7,,,,5,2.5,79,91.2212982,0,647,0,2,0
162,8dcb7254-b166-4e85-8f33-c6839969b25a,-34.52944,139.47502,2013,HumanObservation,291,5000,0.0449823,1,6,5,3,10.125,,,7,,,,5,2.5,69,89.4220963,0,647,0,3,0
163,892ae4b5-6f0a-43bd-8c52-3a1c3238428a,-34.53158,139.47059,2013,HumanObservation,291,5000,0.0449823,1,6,5,3,10.125,,,7,,,,5,2.5,69,88.8443985,0,647,0,2,0
164,89031dba-1d24-47f3-bc1c-6a58a862e23c,-34.52944,139.47502,2013,HumanObservation,291,5000,0.0449823,1,6,5,3,10.125,,,7,,,,5,2.5,69,89.4220963,0,647,0,3,0
165,870d6522-44ea-42f7-9b8d-4c7576785a72,-34.53187,139.46472,2013,HumanObservation,291,5000,0.0449823,1,6,5,3,10.125,,,7,,,,5,2.5,69,88.5747986,0,647,0,2,0
166,86589352-0324-4c8f-81f3-bc3fc5665ccc,-34.50412,139.4767,2013,HumanObservation,291,0,0.0529214,1,6,5,3,10.125,,,7,,,,5,2.5,69,87.2309036,0,647,0,2,0
167,8224265f-b6ea-4f3e-a3f6-f5367cde9211,-34.51348,139.45768,2013,HumanObservation,291,0,0.0529214,1,6,5,3,10.125,,,7,,,,5,2.5,79,89.0599976,0,647,0,2,0
168,80e9c0f8-7d4f-4af9-a184-42c5015ad371,-34.53187,139.46472,2013,HumanObservation,291,5000,0.0449823,1,6,5,3,10.125,,,7,,,,5,2.5,69,88.5747986,0,647,0,2,0
169,7f727bbe-85f8-493b-8042-08d5022731c4,-34.52231,139.44276,2013,HumanObservation,291,5000,0.0449823,1,6,5,3,10.125,,,7,,,,5,2.5,79,87.8223038,0,647,0,2,0
170,798f85f3-443d-4dff-9965-f01721a7ff0d,-34.51348,139.45768,2013,HumanObservation,291,0,0.0529214,1,6,5,3,10.125,,,7,,,,5,2.5,79,89.0599976,0,647,0,2,0
171,79723ce8-c874-4e7a-8a2a-f0d2c022c451,-34.50365,139.46045,2013,HumanObservation,291,0,0.0529214,1,6,5,3,10.125,,,7,,,,5,2.5,69,89.1434021,0,647,0,2,0
172,779c6746-5533-4114-9e1f-41ca61697f12,-34.5118,139.45183,2013,HumanObservation,291,0,0.0529214,1,6,5,3,10.125,,,7,,,,5,2.5,69,85.471199,0,647,0,2,0
173,73e170af-32f8-42d8-9134-fb70ff3f7cd8,-34.52803,139.45288,2013,HumanObservation,291,5000,0.0449823,1,6,5,3,10.125,,,7,,,,5,2.5,69,90.1435013,0,647,0,2,0
174,72fea47e-1412-4405-999d-b2892c5aca0e,-34.51561,139.47617,2013,HumanObservation,291,0,0.0529214,1,6,5,3,10.125,,,7,,,,5,2.5,69,86.4440002,0,647,0,2,0
175,6eef5861-b83b-4ed2-bb54-68ae2a364945,-34.53264,139.44815,2013,HumanObservation,291,5000,0.0449823,1,6,5,3,10.125,,,7,,,,5,2.5,69,89.9710999,0,647,0,2,0
176,6ace480b-7a3d-4551-bc67-f4aa2b7ea511,-34.53264,139.44815,2013,HumanObservation,291,5000,0.0449823,1,6,5,3,10.125,,,7,,,,5,2.5,69,89.9710999,0,647,0,2,0
177,625d294b-f6e6-45b0-988f-b589fd13131e,-34.51561,139.47617,2013,HumanObservation,291,0,0.0529214,1,6,5,3,10.125,,,7,,,,5,2.5,69,86.4440002,0,647,0,2,0
178,6032b8fd-1a75-4821-96eb-9b39349f1a7e,-34.51671,139.47191,2013,HumanObservation,291,0,0.0529214,1,6,5,3,10.125,,,7,,,,5,2.5,69,88.2669983,0,647,0,2,0
179,58a6c1e2-2645-4649-937d-44bb0c59a87b,-34.52803,139.45288,2013,HumanObservation,291,5000,0.0449823,1,6,5,3,10.125,,,7,,,,5,2.5,69,90.1435013,0,647,0,2,0
180,49b13407-6a24-41d3-a0e2-a2564dc373d1,-34.51964,139.47506,2013,HumanObservation,291,5000,0.0529214,1,6,5,3,10.125,,,7,,,,5,2.5,79,88.2669983,0,647,0,2,0
181,41d7ce9b-2926-488c-806a-ccd5b03c6f99,-34.51451,139.46471,2013,HumanObservation,291,0,0.0529214,1,6,5,3,10.125,,,7,,,,5,2.5,79,88.2669983,0,647,0,2,0
182,3be627ec-6fc2-4cb8-a5da-40bed8bac887,-34.53158,139.47059,2013,HumanObservation,291,5000,0.0449823,1,6,5,3,10.125,,,7,,,,5,2.5,69,88.8443985,0,647,0,2,0
183,3a3de175-54ee-44bc-bb5f-36cb4f33e20a,-34.52474,139.45234,2013,HumanObservation,291,5000,0.0449823,1,6,5,3,10.125,,,7,,,,5,2.5,79,90.1435013,0,647,0,2,0
184,34cab5c8-fdd6-4c96-b956-7e91900f66e7,-34.52445,139.45497,2013,HumanObservation,291,5000,0.0449823,1,6,5,3,10.125,,,7,,,,5,2.5,69,91.2212982,0,647,0,2,0
185,3301174e-8cd9-47bf-b9a7-339d97af9a3e,-34.52474,139.45234,2013,HumanObservation,291,5000,0.0449823,1,6,5,3,10.125,,,7,,,,5,2.5,79,90.1435013,0,647,0,2,0
186,2ffafdaa-5ed0-4e86-90f9-9007fc4ac3f6,-34.5037,139.47165,2013,HumanObservation,291,0,0.0529214,1,6,5,3,10.125,,,7,,,,5,2.5,79,85.8339005,0,647,0,2,0
187,2f7dbf70-479b-44c4-a328-2bec22ef7ca9,-34.51964,139.47506,2013,HumanObservation,291,5000,0.0529214,1,6,5,3,10.125,,,7,,,,5,2.5,79,88.2669983,0,647,0,2,0
188,2f69f9ce-2144-41f2-a1bb-b979b42671ff,-34.53158,139.47059,2013,HumanObservation,291,5000,0.0449823,1,6,5,3,10.125,,,7,,,,5,2.5,69,88.8443985,0,647,0,2,0
189,2f3e6482-b299-46a3-907e-7556cdc607c4,-34.52445,139.45497,2013,HumanObservation,291,5000,0.0449823,1,6,5,3,10.125,,,7,,,,5,2.5,69,91.2212982,0,647,0,2,0
190,2b2650a7-054a-43b0-9ba8-ef3132233a9f,-34.52389,139.47502,2013,HumanObservation,291,5000,0.0449823,1,6,5,3,10.125,,,7,,,,5,2.5,69,89.4220963,0,647,0,3,0
191,25c5a051-0c39-4d26-b5c2-2a9840bfdbcf,-34.53,139.4383,2013,HumanObservation,291,5000,0.0449823,1,6,5,3,10.125,,,7,,,,5,2.5,79,89.3384018,0,647,0,2,0
192,2335e7f7-b867-4229-bfdd-7c6cb7347bf1,-34.52803,139.45288,2013,HumanObservation,291,5000,0.0449823,1,6,5,3,10.125,,,7,,,,5,2.5,69,90.1435013,0,647,0,2,0
193,22240dac-adbd-4ff7-a0b1-d833ad1ac1df,-34.53285,139.44439,2013,HumanObservation,291,5000,0.0449823,1,6,5,3,10.125,,,7,,,,5,2.5,69,89.9710999,0,647,0,2,0
194,2151c5e9-1a21-4cf8-ab56-4564377768a3,-34.52994,139.45395,2013,HumanObservation,291,5000,0.0449823,1,6,5,3,10.125,,,7,,,,5,2.5,79,91.2212982,0,647,0,2,0
195,1f9ea1eb-ebe1-45c2-906e-832d30a565a7,-34.52231,139.44276,2013,HumanObservation,291,5000,0.0449823,1,6,5,3,10.125,,,7,,,,5,2.5,79,87.8223038,0,647,0,2,0
196,1f5c9e00-a5d8-4f9c-93c0-9e9073812636,-34.52108,139.43865,2013,HumanObservation,291,5000,0.0529214,1,6,5,3,10.125,,,7,,,,5,2.5,79,91.2622986,0,647,0,2,0
197,1abfdb12-8dac-466f-bc04-b2b0ce8b49fc,-34.52994,139.45395,2013,HumanObservation,291,5000,0.0449823,1,6,5,3,10.125,,,7,,,,5,2.5,79,91.2212982,0,647,0,2,0
198,1abdb128-28d1-475f-8ed0-5a67cd58311a,-34.52445,139.45497,2013,HumanObservation,291,5000,0.0449823,1,6,5,3,10.125,,,7,,,,5,2.5,69,91.2212982,0,647,0,2,0
199,17ce2c1e-e5f6-4583-86a5-da2ac10e116c,-34.5195,139.45218,2013,HumanObservation,291,5000,0.0529214,1,6,5,3,10.125,,,7,,,,5,2.5,69,87.8223038,0,647,0,2,0
200,11c78d67-846d-446a-94db-96d40580286d,-34.50785,139.45741,2013,HumanObservation,291,0,0.0529214,1,6,5,3,10.125,,,7,,,,5,2.5,79,89.1434021,0,647,0,2,0
201,0f765509-2a8d-44a9-ab60-f0111e09f46f,-34.53285,139.44439,2013,HumanObservation,291,5000,0.0449823,1,6,5,3,10.125,,,7,,,,5,2.5,69,89.9710999,0,647,0,2,0
202,0e7a13fb-4f42-42b3-80b2-b92882fbe4bc,-34.51348,139.45768,2013,HumanObservation,291,0,0.0529214,1,6,5,3,10.125,,,7,,,,5,2.5,79,89.0599976,0,647,0,2,0
203,0c9a748d-8680-4209-9423-6fd3a8f7c45e,-34.50358,139.44286,2013,HumanObservation,291,0,0.0529214,1,6,5,3,10.125,,,7,,,,5,2.5,79,86.5904999,0,647,0,2,0
204,08d7bd11-3e60-40e8-8fed-e14fe5eaf42c,-34.53207,139.45976,2013,HumanObservation,291,5000,0.0449823,1,6,5,3,10.125,,,7,,,,5,2.5,69,88.5747986,0,647,0,2,0
205,072f467a-bfb6-49e0-8e18-28a6df4148b0,-34.52944,139.47502,2013,HumanObservation,291,5000,0.0449823,1,6,5,3,10.125,,,7,,,,5,2.5,69,89.4220963,0,647,0,3,0
206,06ee3719-bf2c-4946-84f9-55d6039dc758,-34.53187,139.46472,2013,HumanObservation,291,5000,0.0449823,1,6,5,3,10.125,,,7,,,,5,2.5,69,88.5747986,0,647,0,2,0
207,003c80f5-8df8-47cb-811e-6548891a558f,-34.52254,139.45378,2013,HumanObservation,291,5000,0.0449823,1,6,5,3,10.125,,,7,,,,5,2.5,79,91.2212982,0,647,0,2,0
208,ff9b4025-f57e-4b0a-a27a-4fa072ef8bb6,-34.5224,139.45656,2016,HumanObservation,291,5000,0.0449823,1,6,5,3,10.125,,,7,,,,5,2.5,79,91.2212982,0,647,0,2,0
209,fcc3fe63-4805-43f8-9249-9943ec457b1c,-34.53068,139.43832,2016,HumanObservation,291,5000,0.0449823,1,6,5,3,10.125,,,7,,,,5,2.5,79,89.3384018,0,647,0,2,0
210,fcc3fc63-e9a6-4de7-bb99-f45e3b34307b,-34.51584,139.46626,2016,HumanObservation,291,0,0.0529214,1,6,5,3,10.125,,,7,,,,5,2.5,69,88.2669983,0,647,0,2,0
211,fc54b831-0371-46aa-af15-78f143d00ab5,-34.51295,139.46341,2016,HumanObservation,291,0,0.0529214,1,6,5,3,10.125,,,7,,,,5,2.5,79,89.0599976,0,647,0,2,0
212,fbb461f1-15d2-4bd1-afc3-2ebde89dffa0,-34.52022,139.47508,2016,HumanObservation,291,5000,0.0529214,1,6,5,3,10.125,,,7,,,,5,2.5,79,88.2669983,0,647,0,2,0
213,face416d-eb62-4139-9a05-6f1dec9f6f9a,-34.53152,139.47207,2016,HumanObservation,291,5000,0.0449823,1,6,5,3,10.125,,,7,,,,5,2.5,69,88.8443985,0,647,0,3,0
214,f954d26f-43dc-4a93-ab2b-9c11c1b279f4,-34.51295,139.46341,2016,HumanObservation,291,0,0.0529214,1,6,5,3,10.125,,,7,,,,5,2.5,79,89.0599976,0,647,0,2,0
215,f84b242e-5ae9-4aff-8830-d8dfb713f3e3,-34.51312,139.45984,2016,HumanObservation,291,0,0.0529214,1,6,5,3,10.125,,,7,,,,5,2.5,79,89.0599976,0,647,0,2,0
216,f75c0e9b-64e0-452d-a113-fc71e83dacb4,-34.50616,139.43832,2016,HumanObservation,291,0,0.0529214,1,6,5,3,10.125,,,7,,,,5,2.5,79,86.6529999,0,647,0,2,0
217,f6f6b693-7da4-478a-891e-5d4db53ac3a6,-34.52417,139.47506,2016,HumanObservation,291,5000,0.0449823,1,6,5,3,10.125,,,7,,,,5,2.5,69,89.4220963,0,647,0,3,0
218,f66ccf43-4d56-4148-a4af-75ec2e2119ae,-34.53196,139.46214,2016,HumanObservation,291,5000,0.0449823,1,6,5,3,10.125,,,7,,,,5,2.5,69,88.5747986,0,647,0,2,0
219,f4d44fc3-1943-4405-bc84-98f3d9051cc2,-34.52091,139.44554,2016,HumanObservation,291,5000,0.0529214,1,6,5,3,10.125,,,7,,,,5,2.5,79,87.8223038,0,647,0,2,0
220,f4b6ebb3-1335-47a7-8917-620bbec70aac,-34.52821,139.47506,2016,HumanObservation,291,5000,0.0449823,1,6,5,3,10.125,,,7,,,,5,2.5,69,89.4220963,0,647,0,3,0
221,f46b6ad4-8e17-4ae2-a40c-ea3eba16e44d,-34.52014,139.45155,2016,HumanObservation,291,5000,0.0529214,1,6,5,3,10.125,,,7,,,,5,2.5,69,87.8223038,0,647,0,2,0
222,f3003909-17d6-43fb-a937-d48aae3f8c92,-34.52666,139.43832,2016,HumanObservation,291,5000,0.0449823,1,6,5,3,10.125,,,7,,,,5,2.5,79,89.3384018,0,647,0,2,0
223,f2d5372b-e2ed-43b4-92b3-c62b748df6fa,-34.52417,139.47506,2016,HumanObservation,291,5000,0.0449823,1,6,5,3,10.125,,,7,,,,5,2.5,69,89.4220963,0,647,0,3,0
224,f1c89559-5a25-4b91-9439-d33539481f6d,-34.53044,139.45258,2016,HumanObservation,291,5000,0.0449823,1,6,5,3,10.125,,,7,,,,5,2.5,69,90.1435013,0,647,0,2,0
225,f129f90c-7a70-41cf-b732-65585300e099,-34.5046,139.47651,2016,HumanObservation,291,0,0.0529214,1,6,5,3,10.125,,,7,,,,5,2.5,69,87.2309036,0,647,0,2,0
226,f0c863ed-78cc-43ae-b65e-c2e6408148dc,-34.53177,139.46703,2016,HumanObservation,291,5000,0.0449823,1,6,5,3,10.125,,,7,,,,5,2.5,69,88.8443985,0,647,0,2,0
227,efe2733b-3706-4183-bfbb-46d5f371b2fe,-34.53249,139.45242,2016,HumanObservation,291,5000,0.0449823,1,6,5,3,10.125,,,7,,,,5,2.5,69,89.9710999,0,647,0,2,0
228,ef9b9286-2a75-48e8-aed8-649af95ea438,-34.53177,139.46703,2016,HumanObservation,291,5000,0.0449823,1,6,5,3,10.125,,,7,,,,5,2.5,69,88.8443985,0,647,0,2,0
229,eadb7167-905c-4575-9816-564b0783446d,-34.52014,139.45155,2016,HumanObservation,291,5000,0.0529214,1,6,5,3,10.125,,,7,,,,5,2.5,69,87.8223038,0,647,0,2,0
230,e9c99d98-39b6-439a-aecc-90ab00ab46f8,-34.51312,139.45984,2016,HumanObservation,291,0,0.0529214,1,6,5,3,10.125,,,7,,,,5,2.5,79,89.0599976,0,647,0,2,0
231,e73c95df-6af0-4c45-aa9e-c1885f196230,-34.50616,139.43832,2016,HumanObservation,291,0,0.0529214,1,6,5,3,10.125,,,7,,,,5,2.5,79,86.6529999,0,647,0,2,0
232,e60f7b3a-1e8c-4405-a78b-b969fd7923c8,-34.53225,139.45727,2016,HumanObservation,291,5000,0.0449823,1,6,5,3,10.125,,,7,,,,5,2.5,69,88.5747986,0,647,0,2,0
233,e609b234-c04f-4ec1-bca4-b242d85b46f4,-34.53177,139.46703,2016,HumanObservation,291,5000,0.0449823,1,6,5,3,10.125,,,7,,,,5,2.5,69,88.8443985,0,647,0,2,0
234,e5176a70-bba7-4a18-af03-ec92de647a9b,-34.50362,139.45219,2016,HumanObservation,291,0,0.0529214,1,6,5,3,10.125,,,7,,,,5,2.5,69,86.5904999,0,647,0,2,0
235,e298df6a-417c-4b85-b166-bdfc2e7c9e27,-34.53196,139.46214,2016,HumanObservation,291,5000,0.0449823,1,6,5,3,10.125,,,7,,,,5,2.5,69,88.5747986,0,647,0,2,0
236,df8a7d07-10a7-4805-adb8-475e690a3a5e,-34.5224,139.45656,2016,HumanObservation,291,5000,0.0449823,1,6,5,3,10.125,,,7,,,,5,2.5,79,91.2212982,0,647,0,2,0
237,de7f1f3d-3676-4eb4-8f4c-79cc38bd3d24,-34.51295,139.46341,2016,HumanObservation,291,0,0.0529214,1,6,5,3,10.125,,,7,,,,5,2.5,79,89.0599976,0,647,0,2,0
238,ddabb549-d7f7-4bac-b524-e40d8a12ccfe,-34.52014,139.45155,2016,HumanObservation,291,5000,0.0529214,1,6,5,3,10.125,,,7,,,,5,2.5,69,87.8223038,0,647,0,2,0
239,dcf1f057-c033-44ee-a58c-526c7ca3729d,-34.53272,139.44745,2016,HumanObservation,291,5000,0.0449823,1,6,5,3,10.125,,,7,,,,5,2.5,69,89.9710999,0,647,0,2,0
240,dbefa3cc-4c46-466c-8ef6-02253b63884b,-34.5277,139.45352,2016,HumanObservation,291,5000,0.0449823,1,6,5,3,10.125,,,7,,,,5,2.5,69,90.1435013,0,647,0,2,0
241,dbe21a7a-b89e-4f87-87d5-4da65db0cd96,-34.51312,139.45984,2016,HumanObservation,291,0,0.0529214,1,6,5,3,10.125,,,7,,,,5,2.5,79,89.0599976,0,647,0,2,0
242,dbe1aaaa-53fb-4655-bc93-1c7012eac4f7,-34.5176,139.47007,2016,HumanObservation,291,0,0.0529214,1,6,5,3,10.125,,,7,,,,5,2.5,79,88.2669983,0,647,0,2,0
243,db485610-8bfd-4a4b-91e8-eb2b07a631e9,-34.50365,139.46203,2016,HumanObservation,291,0,0.0529214,1,6,5,3,10.125,,,7,,,,5,2.5,69,89.1434021,0,647,0,2,0
244,db2f61b1-80f3-4624-b15f-da69151b3c6f,-34.53068,139.43832,2016,HumanObservation,291,5000,0.0449823,1,6,5,3,10.125,,,7,,,,5,2.5,79,89.3384018,0,647,0,2,0
245,d7a48a41-3251-4db0-a222-d6181e9accd4,-34.51849,139.43831,2016,HumanObservation,291,0,0.0529214,1,6,5,3,10.125,,,7,,,,5,2.5,79,91.2622986,0,647,0,2,0
246,d19517ed-7616-4478-99bd-d9fa429a1426,-34.50948,139.45425,2016,HumanObservation,291,0,0.0529214,1,6,5,3,10.125,,,7,,,,5,2.5,69,89.1434021,0,647,0,2,0
247,d188abdb-73a9-4cb8-824d-e61949f8ada8,-34.52181,139.44763,2016,HumanObservation,291,5000,0.0449823,1,6,5,3,10.125,,,7,,,,5,2.5,79,87.8223038,0,647,0,2,0
248,ce3e2fde-d772-455c-a815-592ea211bdce,-34.52181,139.44763,2016,HumanObservation,291,5000,0.0449823,1,6,5,3,10.125,,,7,,,,5,2.5,79,87.8223038,0,647,0,2,0
249,ce2ade5b-bd3c-4ff2-87e5-38b8632014ac,-34.53044,139.45258,2016,HumanObservation,291,5000,0.0449823,1,6,5,3,10.125,,,7,,,,5,2.5,69,90.1435013,0,647,0,2,0
250,cccd602c-24e1-46ae-b7d4-b407e0775441,-34.5046,139.47651,2016,HumanObservation,291,0,0.0529214,1,6,5,3,10.125,,,7,,,,5,2.5,69,87.2309036,0,647,0,2,0
251,cc58fe0f-c142-49a7-8620-883829b00d89,-34.52022,139.47508,2016,HumanObservation,291,5000,0.0529214,1,6,5,3,10.125,,,7,,,,5,2.5,79,88.2669983,0,647,0,2,0
252,cafe1d64-0b88-46a2-87de-b4cbfca4a3a9,-34.50365,139.46203,2016,HumanObservation,291,0,0.0529214,1,6,5,3,10.125,,,7,,,,5,2.5,69,89.1434021,0,647,0,2,0
253,c97933c5-6d61-4c57-a84c-527739264a84,-34.53177,139.46703,2016,HumanObservation,291,5000,0.0449823,1,6,5,3,10.125,,,7,,,,5,2.5,69,88.8443985,0,647,0,2,0
254,c9787acb-18fd-4d72-aada-6079779e6d5a,-34.50358,139.44729,2016,HumanObservation,291,0,0.0529214,1,6,5,3,10.125,,,7,,,,5,2.5,69,86.5904999,0,647,0,2,0
255,c842524a-44ca-4edb-9d13-e08a1fbbd084,-34.50766,139.47468,2016,HumanObservation,291,0,0.0529214,1,6,5,3,10.125,,,7,,,,5,2.5,79,85.8339005,0,647,0,2,0
256,c570ce9c-9423-4d6a-bcc8-c7cdc1ec3912,-34.51584,139.46626,2016,HumanObservation,291,0,0.0529214,1,6,5,3,10.125,,,7,,,,5,2.5,69,88.2669983,0,647,0,2,0
257,c499a77f-12d1-4a21-884f-142d4acb9dd7,-34.51622,139.47537,2016,HumanObservation,291,0,0.0529214,1,6,5,3,10.125,,,7,,,,5,2.5,69,88.2669983,0,647,0,2,0
258,c44898f1-ddea-410b-a4fa-fd81dda0dcda,-34.50757,139.46994,2016,HumanObservation,291,0,0.0529214,1,6,5,3,10.125,,,7,,,,5,2.5,79,85.8339005,0,647,0,2,0
259,c32fbd87-6f94-4acc-ace1-b8ee09a0bbb9,-34.52181,139.44763,2016,HumanObservation,291,5000,0.0449823,1,6,5,3,10.125,,,7,,,,5,2.5,79,87.8223038,0,647,0,2,0
260,c2e0ba8a-e324-4198-aca4-5993f4d78250,-34.52417,139.47506,2016,HumanObservation,291,5000,0.0449823,1,6,5,3,10.125,,,7,,,,5,2.5,69,89.4220963,0,647,0,3,0
261,c082d62f-df8f-4df9-a4be-7269e2f8d934,-34.53068,139.43832,2016,HumanObservation,291,5000,0.0449823,1,6,5,3,10.125,,,7,,,,5,2.5,79,89.3384018,0,647,0,2,0
262,bdb2553a-9d8b-4f7a-a4ec-5675eb88227d,-34.53152,139.47207,2016,HumanObservation,291,5000,0.0449823,1,6,5,3,10.125,,,7,,,,5,2.5,69,88.8443985,0,647,0,3,0
263,bcf315fd-5185-4bbc-863e-09fbf4496247,-34.53225,139.45727,2016,HumanObservation,291,5000,0.0449823,1,6,5,3,10.125,,,7,,,,5,2.5,69,88.5747986,0,647,0,2,0
264,bcbc7158-4428-468d-a9a5-0d81b26f07be,-34.50812,139.47635,2016,HumanObservation,291,0,0.0529214,1,6,5,3,10.125,,,7,,,,5,2.5,69,87.2309036,0,647,0,2,0
265,bbb49c24-adf7-4223-84a7-4410e087488f,-34.50766,139.47468,2016,HumanObservation,291,0,0.0529214,1,6,5,3,10.125,,,7,,,,5,2.5,79,85.8339005,0,647,0,2,0
266,bade3bbf-1f5a-4fe2-bf43-77b8d3e4cbfe,-34.52417,139.47506,2016,HumanObservation,291,5000,0.0449823,1,6,5,3,10.125,,,7,,,,5,2.5,69,89.4220963,0,647,0,3,0
267,b890c2a7-ddcf-4d66-b833-524dd659ce17,-34.5277,139.45352,2016,HumanObservation,291,5000,0.0449823,1,6,5,3,10.125,,,7,,,,5,2.5,69,90.1435013,0,647,0,2,0
268,b78e1ab4-157b-4372-ac17-015401c95068,-34.50363,139.45706,2016,HumanObservation,291,0,0.0529214,1,6,5,3,10.125,,,7,,,,5,2.5,69,89.1434021,0,647,0,2,0
269,b5b8e9fd-fcc5-4865-8d77-1bcf168bc386,-34.5277,139.45352,2016,HumanObservation,291,5000,0.0449823,1,6,5,3,10.125,,,7,,,,5,2.5,69,90.1435013,0,647,0,2,0
270,b41c0e5a-c017-4679-8eb1-75c9437e1058,-34.52014,139.45155,2016,HumanObservation,291,5000,0.0529214,1,6,5,3,10.125,,,7,,,,5,2.5,69,87.8223038,0,647,0,2,0
271,b31a1143-6d80-4ebd-ae7a-5defc6a5f865,-34.53044,139.45258,2016,HumanObservation,291,5000,0.0449823,1,6,5,3,10.125,,,7,,,,5,2.5,69,90.1435013,0,647,0,2,0
272,b1910c48-fc18-492c-9557-8657d45a40f4,-34.50766,139.47468,2016,HumanObservation,291,0,0.0529214,1,6,5,3,10.125,,,7,,,,5,2.5,79,85.8339005,0,647,0,2,0
273,b044e3c4-2581-4f1a-a65c-2f0216282db6,-34.52417,139.47506,2016,HumanObservation,291,5000,0.0449823,1,6,5,3,10.125,,,7,,,,5,2.5,69,89.4220963,0,647,0,3,0
274,b02f6c8f-45c6-48e8-a9d4-bce6fc24e045,-34.53272,139.44745,2016,HumanObservation,291,5000,0.0449823,1,6,5,3,10.125,,,7,,,,5,2.5,69,89.9710999,0,647,0,2,0
275,b02e9eea-3a42-4881-afef-c951f2f8b4d8,-34.50356,139.44222,2016,HumanObservation,291,0,0.0529214,1,6,5,3,10.125,,,7,,,,5,2.5,79,86.5904999,0,647,0,2,0
276,ad4e0046-d38f-4716-b12a-af4c66364cc8,-34.53297,139.44243,2016,HumanObservation,291,5000,0.0449823,1,6,5,3,10.125,,,7,,,,5,2.5,79,93.3080978,0,647,0,2,0
277,ac89353f-94c9-463d-ba48-80dd89e253aa,-34.51849,139.43831,2016,HumanObservation,291,0,0.0529214,1,6,5,3,10.125,,,7,,,,5,2.5,79,91.2622986,0,647,0,2,0
278,ac2ace19-6f6d-4303-81e6-e6d8513744c5,-34.53225,139.45727,2016,HumanObservation,291,5000,0.0449823,1,6,5,3,10.125,,,7,,,,5,2.5,69,88.5747986,0,647,0,2,0
279,ac1440da-86c3-42e8-a3fe-a829da6a1c0e,-34.52256,139.43831,2016,HumanObservation,291,5000,0.0449823,1,6,5,3,10.125,,,7,,,,5,2.5,79,91.2622986,0,647,0,2,0
280,a98b59f0-f148-4820-ac7b-cd3c4b1a97fd,-34.52181,139.44763,2016,HumanObservation,291,5000,0.0449823,1,6,5,3,10.125,,,7,,,,5,2.5,79,87.8223038,0,647,0,2,0
281,a986abb2-d660-49ef-965f-63b331bbac9e,-34.52256,139.43831,2016,HumanObservation,291,5000,0.0449823,1,6,5,3,10.125,,,7,,,,5,2.5,79,91.2622986,0,647,0,2,0
282,a97f2416-0279-4f1a-8a05-c0cb83409e51,-34.52022,139.47508,2016,HumanObservation,291,5000,0.0529214,1,6,5,3,10.125,,,7,,,,5,2.5,79,88.2669983,0,647,0,2,0
283,a6ba9f55-1c6e-4d10-b31f-e76b07e83d53,-34.52091,139.44554,2016,HumanObservation,291,5000,0.0529214,1,6,5,3,10.125,,,7,,,,5,2.5,79,87.8223038,0,647,0,2,0
284,a4ab2051-a034-49a8-ae04-06b99df94bd1,-34.5176,139.47007,2016,HumanObservation,291,0,0.0529214,1,6,5,3,10.125,,,7,,,,5,2.5,79,88.2669983,0,647,0,2,0
285,a3d6da62-c624-4ef3-bb10-00940e813961,-34.53152,139.47207,2016,HumanObservation,291,5000,0.0449823,1,6,5,3,10.125,,,7,,,,5,2.5,69,88.8443985,0,647,0,3,0
286,a0d5ec62-4c0c-4770-a8d5-f5381e58da5b,-34.53152,139.47207,2016,HumanObservation,291,5000,0.0449823,1,6,5,3,10.125,,,7,,,,5,2.5,69,88.8443985,0,647,0,3,0
287,a0309cb6-3349-48b0-8fd6-7ab5f1322cfd,-34.5224,139.45656,2016,HumanObservation,291,5000,0.0449823,1,6,5,3,10.125,,,7,,,,5,2.5,79,91.2212982,0,647,0,2,0
288,9f0eaf7e-18f4-4acc-9115-79cb4ec5563e,-34.50616,139.43832,2016,HumanObservation,291,0,0.0529214,1,6,5,3,10.125,,,7,,,,5,2.5,79,86.6529999,0,647,0,2,0
289,9f08c0bd-90de-437e-bab0-d17a61c91079,-34.50358,139.44729,2016,HumanObservation,291,0,0.0529214,1,6,5,3,10.125,,,7,,,,5,2.5,69,86.5904999,0,647,0,2,0
290,9e9aa524-2130-48f1-8477-15125ab72463,-34.50766,139.47468,2016,HumanObservation,291,0,0.0529214,1,6,5,3,10.125,,,7,,,,5,2.5,79,85.8339005,0,647,0,2,0
291,9e30c5f4-154e-40a2-879c-f194323a8893,-34.53297,139.44243,2016,HumanObservation,291,5000,0.0449823,1,6,5,3,10.125,,,7,,,,5,2.5,79,93.3080978,0,647,0,2,0
292,9e226bf3-525d-47a7-8145-cc1425487999,-34.53044,139.45258,2016,HumanObservation,291,5000,0.0449823,1,6,5,3,10.125,,,7,,,,5,2.5,69,90.1435013,0,647,0,2,0
293,9e222267-e0ed-420c-b0c1-1a94e3f2a06c,-34.5277,139.45352,2016,HumanObservation,291,5000,0.0449823,1,6,5,3,10.125,,,7,,,,5,2.5,69,90.1435013,0,647,0,2,0
294,9d3fcb8f-a45a-4493-b781-b424dd095a70,-34.53225,139.45727,2016,HumanObservation,291,5000,0.0449823,1,6,5,3,10.125,,,7,,,,5,2.5,69,88.5747986,0,647,0,2,0
295,9a6d0544-a550-4c97-8715-24cb5a0519b1,-34.53152,139.47207,2016,HumanObservation,291,5000,0.0449823,1,6,5,3,10.125,,,7,,,,5,2.5,69,88.8443985,0,647,0,3,0
296,9875712a-8845-497f-aeed-5c8f9be0f5de,-34.51312,139.45984,2016,HumanObservation,291,0,0.0529214,1,6,5,3,10.125,,,7,,,,5,2.5,79,89.0599976,0,647,0,2,0
297,97a3721b-11ff-487d-bafa-b1308ad2452f,-34.5073,139.45775,2016,HumanObservation,291,0,0.0529214,1,6,5,3,10.125,,,7,,,,5,2.5,69,89.1434021,0,647,0,2,0
298,96b59ede-f040-40c3-a53c-1561f2adefa3,-34.52022,139.47508,2016,HumanObservation,291,5000,0.0529214,1,6,5,3,10.125,,,7,,,,5,2.5,79,88.2669983,0,647,0,2,0
299,902db941-4ceb-42e2-a317-2af7be88f575,-34.50766,139.47468,2016,HumanObservation,291,0,0.0529214,1,6,5,3,10.125,,,7,,,,5,2.5,79,85.8339005,0,647,0,2,0
300,902b1e8f-5a82-4896-9410-1a25ccbc33b9,-34.50369,139.46712,2016,HumanObservation,291,0,0.0529214,1,6,5,3,10.125,,,7,,,,5,2.5,79,85.8339005,0,647,0,2,0
301,8fcde261-1513-496e-8d5b-0849934aa6c8,-34.52022,139.47508,2016,HumanObservation,291,5000,0.0529214,1,6,5,3,10.125,,,7,,,,5,2.5,79,88.2669983,0,647,0,2,0
302,8e38f01b-494d-4374-a011-563e00f29847,-34.53068,139.43832,2016,HumanObservation,291,5000,0.0449823,1,6,5,3,10.125,,,7,,,,5,2.5,79,89.3384018,0,647,0,2,0
303,8c4783a0-957f-4194-98d6-b96d4b6e112d,-34.51731,139.45439,2016,HumanObservation,291,0,0.0529214,1,6,5,3,10.125,,,7,,,,5,2.5,69,89.0599976,0,647,0,2,0
304,8bde0449-af4b-461c-9c67-3db1bc62bb54,-34.5176,139.47007,2016,HumanObservation,291,0,0.0529214,1,6,5,3,10.125,,,7,,,,5,2.5,79,88.2669983,0,647,0,2,0
305,8a79f899-2358-4a96-82af-772437dce50d,-34.53177,139.46703,2016,HumanObservation,291,5000,0.0449823,1,6,5,3,10.125,,,7,,,,5,2.5,69,88.8443985,0,647,0,2,0
306,8a45b6e3-815b-40fd-8f8c-5668faf83c56,-34.51584,139.46626,2016,HumanObservation,291,0,0.0529214,1,6,5,3,10.125,,,7,,,,5,2.5,69,88.2669983,0,647,0,2,0
307,89307e9e-5513-4b68-b944-82bfc6dbc03f,-34.52022,139.47508,2016,HumanObservation,291,5000,0.0529214,1,6,5,3,10.125,,,7,,,,5,2.5,79,88.2669983,0,647,0,2,0
308,87ab83fd-f403-4529-a08e-f36a54f2709a,-34.52417,139.47506,2016,HumanObservation,291,5000,0.0449823,1,6,5,3,10.125,,,7,,,,5,2.5,69,89.4220963,0,647,0,3,0
309,86d9413a-e846-43fc-ac9f-e627e8220811,-34.52181,139.44763,2016,HumanObservation,291,5000,0.0449823,1,6,5,3,10.125,,,7,,,,5,2.5,79,87.8223038,0,647,0,2,0
310,832c177e-90da-41fd-968d-87274eccb6fe,-34.53177,139.46703,2016,HumanObservation,291,5000,0.0449823,1,6,5,3,10.125,,,7,,,,5,2.5,69,88.8443985,0,647,0,2,0
311,817e09fc-87a4-400f-958c-c341c423b346,-34.51375,139.45559,2016,HumanObservation,291,0,0.0529214,1,6,5,3,10.125,,,7,,,,5,2.5,79,89.0599976,0,647,0,2,0
312,80559c18-b2d8-4076-b378-e76613ff0342,-34.51375,139.45559,2016,HumanObservation,291,0,0.0529214,1,6,5,3,10.125,,,7,,,,5,2.5,79,89.0599976,0,647,0,2,0
313,7f026955-0f92-414f-9aea-e43bbf46c02c,-34.50356,139.44222,2016,HumanObservation,291,0,0.0529214,1,6,5,3,10.125,,,7,,,,5,2.5,79,86.5904999,0,647,0,2,0
314,7cb91c8e-3a03-4d18-bb2b-1ffb98ec9780,-34.53044,139.45258,2016,HumanObservation,291,5000,0.0449823,1,6,5,3,10.125,,,7,,,,5,2.5,69,90.1435013,0,647,0,2,0
315,7bd41405-fc4c-40ff-b9f8-54e03f99fe25,-34.50362,139.45219,2016,HumanObservation,291,0,0.0529214,1,6,5,3,10.125,,,7,,,,5,2.5,69,86.5904999,0,647,0,2,0
316,7afd6774-0ba7-402e-87b6-0ee4b55a8f22,-34.52256,139.43831,2016,HumanObservation,291,5000,0.0449823,1,6,5,3,10.125,,,7,,,,5,2.5,79,91.2622986,0,647,0,2,0
317,794c84e7-cdd6-4f20-a7ae-073fdc930ee5,-34.5277,139.45352,2016,HumanObservation,291,5000,0.0449823,1,6,5,3,10.125,,,7,,,,5,2.5,69,90.1435013,0,647,0,2,0
318,78f0835e-2cd2-4bdc-af3d-00115c9acfb6,-34.5073,139.45775,2016,HumanObservation,291,0,0.0529214,1,6,5,3,10.125,,,7,,,,5,2.5,69,89.1434021,0,647,0,2,0
319,78bdf20c-f44e-46e3-acdd-c97dc9eb2e46,-34.51731,139.45439,2016,HumanObservation,291,0,0.0529214,1,6,5,3,10.125,,,7,,,,5,2.5,69,89.0599976,0,647,0,2,0
320,78b7847b-5715-4e90-87b5-d5e82a3334f2,-34.53196,139.46214,2016,HumanObservation,291,5000,0.0449823,1,6,5,3,10.125,,,7,,,,5,2.5,69,88.5747986,0,647,0,2,0
321,784eb7bd-6594-492c-bf6b-a62a18c7058e,-34.52821,139.47506,2016,HumanObservation,291,5000,0.0449823,1,6,5,3,10.125,,,7,,,,5,2.5,69,89.4220963,0,647,0,3,0
322,779a9ef0-c29e-45a7-b763-68cba50831b0,-34.50977,139.46704,2016,HumanObservation,291,0,0.0529214,1,6,5,3,10.125,,,7,,,,5,2.5,69,85.8339005,0,647,0,2,0
323,768276d8-e8ad-4766-ade7-de6476047048,-34.51117,139.46394,2016,HumanObservation,291,0,0.0529214,1,6,5,3,10.125,,,7,,,,5,2.5,69,89.1434021,0,647,0,2,0
324,745d5e60-0ef8-4c9f-aaf0-1aa9e4108088,-34.5277,139.45352,2016,HumanObservation,291,5000,0.0449823,1,6,5,3,10.125,,,7,,,,5,2.5,69,90.1435013,0,647,0,2,0
325,743b2c7a-1772-4f1a-a6c4-39ef4c6b672d,-34.50812,139.47635,2016,HumanObservation,291,0,0.0529214,1,6,5,3,10.125,,,7,,,,5,2.5,69,87.2309036,0,647,0,2,0
326,73f70492-b361-49dc-ad52-1f20834edf7f,-34.50369,139.46712,2016,HumanObservation,291,0,0.0529214,1,6,5,3,10.125,,,7,,,,5,2.5,79,85.8339005,0,647,0,2,0
327,737dcd38-6e5c-4da3-88cc-2376850dd8fc,-34.51622,139.47537,2016,HumanObservation,291,0,0.0529214,1,6,5,3,10.125,,,7,,,,5,2.5,69,88.2669983,0,647,0,2,0
328,7338eec3-8f9c-4e7c-ac41-791601148ab2,-34.51849,139.43831,2016,HumanObservation,291,0,0.0529214,1,6,5,3,10.125,,,7,,,,5,2.5,79,91.2622986,0,647,0,2,0
329,70fec159-81c5-4597-b5f5-c77b11e1d287,-34.50948,139.45425,2016,HumanObservation,291,0,0.0529214,1,6,5,3,10.125,,,7,,,,5,2.5,69,89.1434021,0,647,0,2,0
330,70d1ea24-f6e8-479c-8bef-0507b8c12191,-34.53152,139.47207,2016,HumanObservation,291,5000,0.0449823,1,6,5,3,10.125,,,7,,,,5,2.5,69,88.8443985,0,647,0,3,0
331,6f8df987-e345-44c8-affa-5a08b644a5eb,-34.53044,139.45258,2016,HumanObservation,291,5000,0.0449823,1,6,5,3,10.125,,,7,,,,5,2.5,69,90.1435013,0,647,0,2,0
332,6f1ee810-a49d-4993-863f-de2fe729658e,-34.52091,139.44554,2016,HumanObservation,291,5000,0.0529214,1,6,5,3,10.125,,,7,,,,5,2.5,79,87.8223038,0,647,0,2,0
333,6bad5120-308f-44ff-8a09-eb45b57ecf22,-34.51117,139.46394,2016,HumanObservation,291,0,0.0529214,1,6,5,3,10.125,,,7,,,,5,2.5,69,89.1434021,0,647,0,2,0
334,6a1e3e8b-5269-4901-9fe2-fc31cf6390f9,-34.50365,139.46203,2016,HumanObservation,291,0,0.0529214,1,6,5,3,10.125,,,7,,,,5,2.5,69,89.1434021,0,647,0,2,0
335,6a1d0e8b-0b14-46e7-99d2-5459f25e1ee4,-34.52821,139.47506,2016,HumanObservation,291,5000,0.0449823,1,6,5,3,10.125,,,7,,,,5,2.5,69,89.4220963,0,647,0,3,0
336,66fd7678-9004-4bc5-ade4-2742acfd4593,-34.50766,139.47468,2016,HumanObservation,291,0,0.0529214,1,6,5,3,10.125,,,7,,,,5,2.5,79,85.8339005,0,647,0,2,0
337,639998cd-3b99-4f54-8e44-a5a2de6cd876,-34.5073,139.45775,2016,HumanObservation,291,0,0.0529214,1,6,5,3,10.125,,,7,,,,5,2.5,69,89.1434021,0,647,0,2,0
338,6206f314-9aea-4152-9df7-9ec4f681b3ab,-34.53225,139.45727,2016,HumanObservation,291,5000,0.0449823,1,6,5,3,10.125,,,7,,,,5,2.5,69,88.5747986,0,647,0,2,0
339,5ec235c9-134c-4e70-a7af-0c4e5ed3cef5,-34.53044,139.45258,2016,HumanObservation,291,5000,0.0449823,1,6,5,3,10.125,,,7,,,,5,2.5,69,90.1435013,0,647,0,2,0
340,5e775437-2e19-467a-92db-91a0c885922a,-34.51312,139.45984,2016,HumanObservation,291,0,0.0529214,1,6,5,3,10.125,,,7,,,,5,2.5,79,89.0599976,0,647,0,2,0
341,5de8a61d-a4c2-46fd-a178-7bb74ca07e64,-34.52091,139.44554,2016,HumanObservation,291,5000,0.0529214,1,6,5,3,10.125,,,7,,,,5,2.5,79,87.8223038,0,647,0,2,0
342,5dc8f479-15d8-4f6d-b011-7d0bcca2d2c8,-34.5224,139.45656,2016,HumanObservation,291,5000,0.0449823,1,6,5,3,10.125,,,7,,,,5,2.5,79,91.2212982,0,647,0,2,0
343,5d8c0838-76ab-4883-9bab-4a6883a3f7e5,-34.52478,139.45236,2016,HumanObservation,291,5000,0.0449823,1,6,5,3,10.125,,,7,,,,5,2.5,79,90.1435013,0,647,0,2,0
344,5b8e2080-e924-4d87-be53-cadcdffb0dd1,-34.52091,139.44554,2016,HumanObservation,291,5000,0.0529214,1,6,5,3,10.125,,,7,,,,5,2.5,79,87.8223038,0,647,0,2,0
345,5aaf619f-76e7-4751-aa2e-73a20c63ae87,-34.51295,139.46341,2016,HumanObservation,291,0,0.0529214,1,6,5,3,10.125,,,7,,,,5,2.5,79,89.0599976,0,647,0,2,0
346,5643080c-5a87-4f64-b07d-7bcc85b2fbc6,-34.53044,139.45258,2016,HumanObservation,291,5000,0.0449823,1,6,5,3,10.125,,,7,,,,5,2.5,69,90.1435013,0,647,0,2,0
347,5617dc00-0d2d-45f7-af75-98fabcba509a,-34.52478,139.45236,2016,HumanObservation,291,5000,0.0449823,1,6,5,3,10.125,,,7,,,,5,2.5,79,90.1435013,0,647,0,2,0
348,557fa9d7-1cd5-4c1a-9347-322142785d33,-34.53177,139.46703,2016,HumanObservation,291,5000,0.0449823,1,6,5,3,10.125,,,7,,,,5,2.5,69,88.8443985,0,647,0,2,0
349,551fde29-a70f-4280-82da-95cd7cbe91cf,-34.53196,139.46214,2016,HumanObservation,291,5000,0.0449823,1,6,5,3,10.125,,,7,,,,5,2.5,69,88.5747986,0,647,0,2,0
350,54a94a48-bfb3-42fd-b8e3-bc6aafadca5c,-34.50948,139.45425,2016,HumanObservation,291,0,0.0529214,1,6,5,3,10.125,,,7,,,,5,2.5,69,89.1434021,0,647,0,2,0
351,50a84bc9-29c2-4e3c-8cde-eeb8757e7a96,-34.51673,139.47378,2016,HumanObservation,291,0,0.0529214,1,6,5,3,10.125,,,7,,,,5,2.5,69,88.2669983,0,647,0,2,0
352,4f7f1b75-263a-458c-9688-94b52d0c1e7a,-34.53249,139.45242,2016,HumanObservation,291,5000,0.0449823,1,6,5,3,10.125,,,7,,,,5,2.5,69,89.9710999,0,647,0,2,0
353,4d3275c2-fbf3-42d2-b3d8-5f11adb0d8df,-34.52821,139.47506,2016,HumanObservation,291,5000,0.0449823,1,6,5,3,10.125,,,7,,,,5,2.5,69,89.4220963,0,647,0,3,0
354,49e56b49-e96a-4cb3-8b83-f7370869b655,-34.53196,139.46214,2016,HumanObservation,291,5000,0.0449823,1,6,5,3,10.125,,,7,,,,5,2.5,69,88.5747986,0,647,0,2,0
355,496a7be6-03b6-4974-8271-8dc2725c2f60,-34.50365,139.46203,2016,HumanObservation,291,0,0.0529214,1,6,5,3,10.125,,,7,,,,5,2.5,69,89.1434021,0,647,0,2,0
356,490a7401-410b-465a-bd07-7a9288a0248a,-34.51445,139.43831,2016,HumanObservation,291,0,0.0529214,1,6,5,3,10.125,,,7,,,,5,2.5,79,91.2622986,0,647,0,2,0
357,47b11684-d681-4ea0-b857-3095c6a5f261,-34.51312,139.45984,2016,HumanObservation,291,0,0.0529214,1,6,5,3,10.125,,,7,,,,5,2.5,79,89.0599976,0,647,0,2,0
358,47240c78-cc4a-4e9e-a2f2-ef4a13938996,-34.51018,139.43832,2016,HumanObservation,291,0,0.0529214,1,6,5,3,10.125,,,7,,,,5,2.5,79,86.6529999,0,647,0,2,0
359,46f607c9-ebed-4118-979d-60ef73501492,-34.51375,139.45559,2016,HumanObservation,291,0,0.0529214,1,6,5,3,10.125,,,7,,,,5,2.5,79,89.0599976,0,647,0,2,0
360,43826a28-6e15-4763-ad49-94dd3bca8b0b,-34.50362,139.45219,2016,HumanObservation,291,0,0.0529214,1,6,5,3,10.125,,,7,,,,5,2.5,69,86.5904999,0,647,0,2,0
361,3f59f264-065e-41ff-82a3-70c0458dd39e,-34.52821,139.47506,2016,HumanObservation,291,5000,0.0449823,1,6,5,3,10.125,,,7,,,,5,2.5,69,89.4220963,0,647,0,3,0
362,3c42f026-6090-49ef-a83e-a9e8abeee965,-34.53249,139.45242,2016,HumanObservation,291,5000,0.0449823,1,6,5,3,10.125,,,7,,,,5,2.5,69,89.9710999,0,647,0,2,0
363,3bfa29d1-b425-4af5-9fdf-bb8fde7f6474,-34.5224,139.45656,2016,HumanObservation,291,5000,0.0449823,1,6,5,3,10.125,,,7,,,,5,2.5,79,91.2212982,0,647,0,2,0
364,36332804-57c5-461e-9af4-cf28a9cd4ad7,-34.5277,139.45352,2016,HumanObservation,291,5000,0.0449823,1,6,5,3,10.125,,,7,,,,5,2.5,69,90.1435013,0,647,0,2,0
365,3616b003-89b6-463c-b91b-627c93b8c38c,-34.51375,139.45559,2016,HumanObservation,291,0,0.0529214,1,6,5,3,10.125,,,7,,,,5,2.5,79,89.0599976,0,647,0,2,0
366,348b2db0-d916-4581-8d47-0523868c0ad7,-34.52022,139.47508,2016,HumanObservation,291,5000,0.0529214,1,6,5,3,10.125,,,7,,,,5,2.5,79,88.2669983,0,647,0,2,0
367,321922e1-186e-4025-809d-0d6791fbe12a,-34.52022,139.47508,2016,HumanObservation,291,5000,0.0529214,1,6,5,3,10.125,,,7,,,,5,2.5,79,88.2669983,0,647,0,2,0
368,31166deb-e84e-4908-b06d-aedc467566d4,-34.51018,139.43832,2016,HumanObservation,291,0,0.0529214,1,6,5,3,10.125,,,7,,,,5,2.5,79,86.6529999,0,647,0,2,0
369,2ecaddae-69d5-480a-8778-6dbd8c13fbe6,-34.53177,139.46703,2016,HumanObservation,291,5000,0.0449823,1,6,5,3,10.125,,,7,,,,5,2.5,69,88.8443985,0,647,0,2,0
370,2e481b86-20a3-4337-82b2-670baf3f8ce9,-34.52014,139.45155,2016,HumanObservation,291,5000,0.0529214,1,6,5,3,10.125,,,7,,,,5,2.5,69,87.8223038,0,647,0,2,0
371,2cfe0d98-7e50-416d-8604-225354a32cbe,-34.51375,139.45559,2016,HumanObservation,291,0,0.0529214,1,6,5,3,10.125,,,7,,,,5,2.5,79,89.0599976,0,647,0,2,0
372,2b8862ea-0a16-49e6-aea1-085357fd9887,-34.50977,139.46704,2016,HumanObservation,291,0,0.0529214,1,6,5,3,10.125,,,7,,,,5,2.5,69,85.8339005,0,647,0,2,0
373,29cbe583-7ef7-486e-99d9-9436123d0e03,-34.52417,139.47506,2016,HumanObservation,291,5000,0.0449823,1,6,5,3,10.125,,,7,,,,5,2.5,69,89.4220963,0,647,0,3,0
374,2650a4bd-a68b-4e0d-8f62-94853bdd0ea6,-34.50371,139.47228,2016,HumanObservation,291,0,0.0529214,1,6,5,3,10.125,,,7,,,,5,2.5,79,85.8339005,0,647,0,2,0
375,25a7d01a-cb96-4719-bc0a-d8d9e32183bf,-34.52233,139.44314,2016,HumanObservation,291,5000,0.0449823,1,6,5,3,10.125,,,7,,,,5,2.5,79,87.8223038,0,647,0,2,0
376,254ced5b-543e-4392-98c4-8bd3d0e06f81,-34.50365,139.46203,2016,HumanObservation,291,0,0.0529214,1,6,5,3,10.125,,,7,,,,5,2.5,69,89.1434021,0,647,0,2,0
377,25493d26-2854-41d6-a7cd-8cb1c4cd42b9,-34.5073,139.45775,2016,HumanObservation,291,0,0.0529214,1,6,5,3,10.125,,,7,,,,5,2.5,69,89.1434021,0,647,0,2,0
378,246268ca-5aaa-499a-9204-07da3c8d9c69,-34.53196,139.46214,2016,HumanObservation,291,5000,0.0449823,1,6,5,3,10.125,,,7,,,,5,2.5,69,88.5747986,0,647,0,2,0
379,2293af1a-a0ff-4180-9200-506a48972db8,-34.51141,139.45124,2016,HumanObservation,291,0,0.0529214,1,6,5,3,10.125,,,7,,,,5,2.5,69,85.471199,0,647,0,2,0
380,20da1977-a947-40b8-8035-808a01f89f97,-34.53177,139.46703,2016,HumanObservation,291,5000,0.0449823,1,6,5,3,10.125,,,7,,,,5,2.5,69,88.8443985,0,647,0,2,0
381,1f5b4813-df61-4ad3-9f67-73cf432cff99,-34.50363,139.45706,2016,HumanObservation,291,0,0.0529214,1,6,5,3,10.125,,,7,,,,5,2.5,69,89.1434021,0,647,0,2,0
382,1eba0db3-6e14-442f-874d-6f46abdb0c79,-34.51312,139.45984,2016,HumanObservation,291,0,0.0529214,1,6,5,3,10.125,,,7,,,,5,2.5,79,89.0599976,0,647,0,2,0
383,1cbef320-0d65-43fd-91bc-54d556824910,-34.50358,139.44729,2016,HumanObservation,291,0,0.0529214,1,6,5,3,10.125,,,7,,,,5,2.5,69,86.5904999,0,647,0,2,0
384,1cb2953d-6426-4754-a29c-bd55aa8bb9c5,-34.53225,139.45727,2016,HumanObservation,291,5000,0.0449823,1,6,5,3,10.125,,,7,,,,5,2.5,69,88.5747986,0,647,0,2,0
385,1c6ba6aa-0bbb-4323-b293-ac99f7f3746c,-34.5073,139.45775,2016,HumanObservation,291,0,0.0529214,1,6,5,3,10.125,,,7,,,,5,2.5,69,89.1434021,0,647,0,2,0
386,1bf1e337-d19a-48b1-b49a-a926c2aa46ad,-34.53152,139.47207,2016,HumanObservation,291,5000,0.0449823,1,6,5,3,10.125,,,7,,,,5,2.5,69,88.8443985,0,647,0,3,0
387,19a17f56-78a3-4d0b-927c-769685b1f9b7,-34.50365,139.46203,2016,HumanObservation,291,0,0.0529214,1,6,5,3,10.125,,,7,,,,5,2.5,69,89.1434021,0,647,0,2,0
388,195e11d7-ab06-4d08-bd8f-43f7049bfbbe,-34.51375,139.45559,2016,HumanObservation,291,0,0.0529214,1,6,5,3,10.125,,,7,,,,5,2.5,79,89.0599976,0,647,0,2,0
389,17ca943c-3d7d-4298-8990-0dd195ef2b83,-34.51375,139.45559,2016,HumanObservation,291,0,0.0529214,1,6,5,3,10.125,,,7,,,,5,2.5,79,89.0599976,0,647,0,2,0
390,15ee8f4a-0c31-453b-a5b6-a16a7d796da4,-34.52821,139.47506,2016,HumanObservation,291,5000,0.0449823,1,6,5,3,10.125,,,7,,,,5,2.5,69,89.4220963,0,647,0,3,0
391,15b64200-17f1-43dc-8c73-802ec77939ca,-34.53225,139.45727,2016,HumanObservation,291,5000,0.0449823,1,6,5,3,10.125,,,7,,,,5,2.5,69,88.5747986,0,647,0,2,0
392,1561b613-7826-412a-923a-407e91c8b0e2,-34.52478,139.45236,2016,HumanObservation,291,5000,0.0449823,1,6,5,3,10.125,,,7,,,,5,2.5,79,90.1435013,0,647,0,2,0
393,140de490-021c-4c7c-9540-cca5a4e84263,-34.50766,139.47468,2016,HumanObservation,291,0,0.0529214,1,6,5,3,10.125,,,7,,,,5,2.5,79,85.8339005,0,647,0,2,0
394,12d6726b-7d6c-4ca8-a759-87bd9e589851,-34.50812,139.47635,2016,HumanObservation,291,0,0.0529214,1,6,5,3,10.125,,,7,,,,5,2.5,69,87.2309036,0,647,0,2,0
395,11ee66f7-764a-4ee0-9518-20757784ee92,-34.52233,139.44314,2016,HumanObservation,291,5000,0.0449823,1,6,5,3,10.125,,,7,,,,5,2.5,79,87.8223038,0,647,0,2,0
396,11ab1353-b5ce-4164-a95f-53248c3b2c41,-34.50948,139.45425,2016,HumanObservation,291,0,0.0529214,1,6,5,3,10.125,,,7,,,,5,2.5,69,89.1434021,0,647,0,2,0
397,10f0c877-a60c-44bc-9709-8fb69f998349,-34.51295,139.46341,2016,HumanObservation,291,0,0.0529214,1,6,5,3,10.125,,,7,,,,5,2.5,79,89.0599976,0,647,0,2,0
398,104c109b-644f-443c-8a50-429efbb9426f,-34.51849,139.43831,2016,HumanObservation,291,0,0.0529214,1,6,5,3,10.125,,,7,,,,5,2.5,79,91.2622986,0,647,0,2,0
399,0fdc40f3-4f0a-47e1-bd5a-180fd7d2c064,-34.50363,139.45706,2016,HumanObservation,291,0,0.0529214,1,6,5,3,10.125,,,7,,,,5,2.5,69,89.1434021,0,647,0,2,0
400,0f5dbe4a-3648-4a8d-bc07-a6d89cb994f1,-34.53152,139.47207,2016,HumanObservation,291,5000,0.0449823,1,6,5,3,10.125,,,7,,,,5,2.5,69,88.8443985,0,647,0,3,0
401,0f2fe390-c60c-493d-a12c-84ea2b4e755b,-34.51673,139.47378,2016,HumanObservation,291,0,0.0529214,1,6,5,3,10.125,,,7,,,,5,2.5,69,88.2669983,0,647,0,2,0
402,0b0e5a46-98fa-476a-ab86-9628a3f49460,-34.5046,139.47651,2016,HumanObservation,291,0,0.0529214,1,6,5,3,10.125,,,7,,,,5,2.5,69,87.2309036,0,647,0,2,0
403,09a81e71-54e1-4d77-8181-78300e8f0da7,-34.51622,139.47537,2016,HumanObservation,291,0,0.0529214,1,6,5,3,10.125,,,7,,,,5,2.5,69,88.2669983,0,647,0,2,0
404,0993bc3a-4026-4872-81b3-448416f06c10,-34.5277,139.45352,2016,HumanObservation,291,5000,0.0449823,1,6,5,3,10.125,,,7,,,,5,2.5,69,90.1435013,0,647,0,2,0
405,08748cca-3b7f-4bb6-9bae-7c89f2f93206,-34.53196,139.46214,2016,HumanObservation,291,5000,0.0449823,1,6,5,3,10.125,,,7,,,,5,2.5,69,88.5747986,0,647,0,2,0
406,0656b9ce-e703-401e-8d61-fe121bf46d65,-34.50977,139.46704,2016,HumanObservation,291,0,0.0529214,1,6,5,3,10.125,,,7,,,,5,2.5,69,85.8339005,0,647,0,2,0
407,0551b903-3f06-46c7-9ea1-9d06830bb47e,-34.50766,139.47468,2016,HumanObservation,291,0,0.0529214,1,6,5,3,10.125,,,7,,,,5,2.5,79,85.8339005,0,647,0,2,0
408,04f7cb32-80ae-4f56-a02f-265a376da7ce,-34.5224,139.45656,2016,HumanObservation,291,5000,0.0449823,1,6,5,3,10.125,,,7,,,,5,2.5,79,91.2212982,0,647,0,2,0
409,03795cf4-b9b3-44e5-8dd9-cf353370d330,-34.5277,139.45352,2016,HumanObservation,291,5000,0.0449823,1,6,5,3,10.125,,,7,,,,5,2.5,69,90.1435013,0,647,0,2,0
410,236b6996-da30-42d1-bf2f-d1fda361914a,-34.50389,139.4739,1991,HumanObservation,291,0,0.0529214,1,6,5,3,10.125,,,7,,,,5,2.5,69,85.8339005,0,647,0,2,0
26,58b56526-0784-42c7-90ae-8e676ce54b4d,-33.3,116.6,1998,PreservedSpecimen,621,5000,0.294287,1,7,20,2,65,4,2,2,65,2,0.75,1,35,4,299.3940125,0,1050,0,5,0
81,e8e13eff-c299-40ca-9ac3-4ee9f485ab0f,-33.3,116.6,1999,PreservedSpecimen,621,5000,0.294287,1,7,20,2,65,4,2,2,65,2,0.75,1,35,4,299.3940125,0,1050,0,5,0
88,0903b3b8-466d-471f-b647-eedc12649dd9,-33.3,116.6,1999,PreservedSpecimen,621,5000,0.294287,1,7,20,2,65,4,2,2,65,2,0.75,1,35,4,299.3940125,0,1050,0,5,0
430,b46591fd-2f38-413a-96fc-ac7558f059c0,-32.6,116.7,0,PreservedSpecimen,520,5000,0.335743,1,7,20,2,65,4,2,1,35,1,0.25,1,35,4,373.3190002,0,1050,0,3,1
477,177440cb-e57d-4e4d-8c23-c0ad98445c2d,-31.8,116.4,2002,PreservedSpecimen,651,0,0.287753,,,,,,,,,,,,,,98,266.9580078,1,1050,0,5,1
89,5a0af336-56dd-4706-9f3b-a9a4a7ad288f,-34,119.2,1967,PreservedSpecimen,467,0,0.601258,1,6,5,1,35,3,1.5,1,35,,,,,98,220.8999939,0,2189,0,1,1
0,a1a0e0d4-974d-4fc1-acd0-eb2f36328bef,-34,116.1,1998,PreservedSpecimen,803,0,0.235826,1,7,20,2,65,4,2,1,35,1,0.25,1,35,98,280.4339905,0,2321,0,2,1
17,f1a2b423-f3a4-487b-af5d-041292da60da,-34,116.1,1998,PreservedSpecimen,803,0,0.235826,1,7,20,2,65,4,2,1,35,1,0.25,1,35,98,280.4339905,0,2321,0,2,1
18,75675cae-6183-4caf-b039-fdb2a591a28d,-34,116.1,1973,PreservedSpecimen,803,0,0.235826,1,7,20,2,65,4,2,1,35,1,0.25,1,35,98,280.4339905,0,2321,0,2,1
19,675463de-f46c-4527-88d5-e655befde0a9,-34,116.1,1973,PreservedSpecimen,803,0,0.235826,1,7,20,2,65,4,2,1,35,1,0.25,1,35,98,280.4339905,0,2321,0,2,1
20,47f2216c-b085-48eb-96d1-af66c64d68e2,-34,116.1,1973,PreservedSpecimen,803,0,0.235826,1,7,20,2,65,4,2,1,35,1,0.25,1,35,98,280.4339905,0,2321,0,2,1
21,0b441706-77e1-4d2b-be57-47ad3c1e9ffd,-34,116.1,1998,PreservedSpecimen,803,0,0.235826,1,7,20,2,65,4,2,1,35,1,0.25,1,35,98,280.4339905,0,2321,0,2,1
86,4eddfc2b-55a4-48ac-b8fd-ca53596b864b,-34.2,116.5,2000,PreservedSpecimen,652,7071.069824,0.284887,1,7,20,2,65,4,2,1,35,1,0.25,1,35,98,215.9299927,0,2539,0,2,0
3,f7dd2283-6a01-4d53-8ee9-da2bed1cf2ba,-34.2,115.1,0,PreservedSpecimen,1039,0,0.554293,,,,,,,,,,,,,,98,65.8097,0,2689,0,3,1
8,d5d85de4-31bb-4d7e-80e4-9e503aaa9c2f,-33.6,115.7,0,PreservedSpecimen,885,0,0.374464,1,7,20,1,35,,,,,,,,,8,157.9129944,0,2689,0,2,0
9,c2be9059-e73e-4f65-b02c-8fd1985b5c6b,-34.2,115.1,0,PreservedSpecimen,1039,0,0.554293,,,,,,,,,,,,,,98,65.8097,0,2689,0,3,1
14,3dc8a447-0bac-446d-8ff2-6a7c552df3e0,-34.2,115.1,0,PreservedSpecimen,1039,0,0.554293,,,,,,,,,,,,,,98,65.8097,0,2689,0,3,1
16,026fcd92-e6c1-4fc3-9fe5-b15b2572584e,-34.2,115.1,0,PreservedSpecimen,1039,0,0.554293,,,,,,,,,,,,,,98,65.8097,0,2689,0,3,1
23,110c1580-5bf2-420a-8bb8-a705fd62e3a0,-34.1,116.4,2000,PreservedSpecimen,670,0,0.207979,1,7,20,2,65,4,2,1,35,1,0.25,1,35,4,270.8940125,0,2690,0,2,1
24,0ac16dd2-ab7f-46f3-b7b8-5c1bbc35b817,-34.1,116.4,2000,PreservedSpecimen,670,0,0.207979,1,7,20,2,65,4,2,1,35,1,0.25,1,35,4,270.8940125,0,2690,0,2,1
28,d8569fe3-0f4c-4b65-bfad-ddab14aed896,-34.1,116.4,0,PreservedSpecimen,670,0,0.207979,1,7,20,2,65,4,2,1,35,1,0.25,1,35,4,270.8940125,0,2690,0,2,1
30,b52cbaa9-ca38-4c2f-ad30-546d675db0b1,-34.3,116.5,0,PreservedSpecimen,717,0,0.130322,,,,,,,,,,,,,,4,222.2299957,1,2690,0,1,0
34,90549d6e-3eec-404d-b1ed-282b9b66c87a,-34.1,116.4,0,PreservedSpecimen,670,0,0.207979,1,7,20,2,65,4,2,1,35,1,0.25,1,35,4,270.8940125,0,2690,0,2,1
38,67df32fb-de79-452b-8df6-331568b868f8,-34.3,116.5,0,PreservedSpecimen,717,0,0.130322,,,,,,,,,,,,,,4,222.2299957,1,2690,0,1,0
41,fc188644-5001-4bb7-85c0-c2cc5ec7c241,-34.3,116.2,1997,PreservedSpecimen,913,0,0.408767,,,,,,,,,,,,,,4,272.2080078,0,2690,0,5,1
42,e95f6d8a-ce81-446f-a614-1506663b0ded,-34.3,116.5,1992,PreservedSpecimen,717,0,0.130322,,,,,,,,,,,,,,4,222.2299957,1,2690,0,1,0
43,2920c901-feda-4589-be44-8f739a08589d,-34.3,116.2,1998,PreservedSpecimen,913,0,0.408767,,,,,,,,,,,,,,4,272.2080078,0,2690,0,5,1
44,13e876cf-5f84-46f0-8298-3c4eab888e92,-34.1,116.4,1999,PreservedSpecimen,670,0,0.207979,1,7,20,2,65,4,2,1,35,1,0.25,1,35,4,270.8940125,0,2690,0,2,1
47,954bdc9b-3522-4ef7-a51d-ece0ec2f90b8,-34.3,116.5,1976,PreservedSpecimen,717,0,0.130322,,,,,,,,,,,,,,4,222.2299957,1,2690,0,1,0
48,2808740e-4641-4b40-ab70-cb0a6b783e7c,-34.1,116.3,1997,PreservedSpecimen,738,0,0.0320492,1,7,20,2,65,4,2,1,35,1,0.25,1,35,4,315.0100098,1,2690,0,2,1
49,be6e40c5-8f90-4b69-a878-b57f0b5ff26a,-34.3,116.2,1997,PreservedSpecimen,913,0,0.408767,,,,,,,,,,,,,,4,272.2080078,0,2690,0,5,1
50,894a4b6b-fe85-48b3-a5cf-0dd0f2567ef8,-34.1,116.3,1998,PreservedSpecimen,738,0,0.0320492,1,7,20,2,65,4,2,1,35,1,0.25,1,35,4,315.0100098,1,2690,0,2,1
51,72e30c98-a426-4824-993f-e959a67dba29,-34.1,116.4,2000,PreservedSpecimen,670,0,0.207979,1,7,20,2,65,4,2,1,35,1,0.25,1,35,4,270.8940125,0,2690,0,2,1
52,57557462-5b78-45fc-a7ab-e80a69027a90,-34.1,116.4,1999,PreservedSpecimen,670,0,0.207979,1,7,20,2,65,4,2,1,35,1,0.25,1,35,4,270.8940125,0,2690,0,2,1
53,527e4710-ef1f-4a7e-9bd9-4476b76a99f4,-34.1,116.4,1998,PreservedSpecimen,670,0,0.207979,1,7,20,2,65,4,2,1,35,1,0.25,1,35,4,270.8940125,0,2690,0,2,1
54,35670a04-964f-4b89-bf96-d5bd4171dbbd,-34.1,116.4,2000,PreservedSpecimen,670,0,0.207979,1,7,20,2,65,4,2,1,35,1,0.25,1,35,4,270.8940125,0,2690,0,2,1
55,fb648a5b-6f6b-49f1-8ca6-3611612566e6,-34.2,116.3,1998,PreservedSpecimen,787,5000,0.272306,1,7,20,2,65,4,2,1,35,1,0.25,1,35,4,264.2409973,0,2690,0,2,1
56,b442e292-d11b-4a5b-9441-7297a8dae1fb,-34.3,116.2,1998,PreservedSpecimen,913,0,0.408767,,,,,,,,,,,,,,4,272.2080078,0,2690,0,5,1
57,a015a06a-881a-4408-a3b6-30adf3732734,-34.3,116.2,1998,PreservedSpecimen,913,0,0.408767,,,,,,,,,,,,,,4,272.2080078,0,2690,0,5,1
58,992a310e-67e2-4f69-b22b-8e15b1c79b40,-34.3,116.2,1998,PreservedSpecimen,913,0,0.408767,,,,,,,,,,,,,,4,272.2080078,0,2690,0,5,1
59,8178f3e9-dcec-44ad-ac70-8c86563ca6b4,-34.3,116.2,1998,PreservedSpecimen,913,0,0.408767,,,,,,,,,,,,,,4,272.2080078,0,2690,0,5,1
60,7786f92a-2540-4f6a-b2e8-a231924902bc,-34.1,116.3,1997,PreservedSpecimen,738,0,0.0320492,1,7,20,2,65,4,2,1,35,1,0.25,1,35,4,315.0100098,1,2690,0,2,1
62,d1f0874f-3da0-41e9-b9bb-1734d3be19a7,-34.3,116.2,1998,PreservedSpecimen,913,0,0.408767,,,,,,,,,,,,,,4,272.2080078,0,2690,0,5,1
63,c772a53b-a642-4d17-9270-9a7f5c468528,-34.3,116.2,1997,PreservedSpecimen,913,0,0.408767,,,,,,,,,,,,,,4,272.2080078,0,2690,0,5,1
64,c19485d8-c978-49ca-9158-b1b80b5e8cf6,-34.1,116.3,1999,PreservedSpecimen,738,0,0.0320492,1,7,20,2,65,4,2,1,35,1,0.25,1,35,4,315.0100098,1,2690,0,2,1
65,be13dd22-7004-4b58-ab27-3ec042d23468,-34.3,116.5,1976,PreservedSpecimen,717,0,0.130322,,,,,,,,,,,,,,4,222.2299957,1,2690,0,1,0
67,9c8374c6-91e1-4e8a-8866-9a5825e338dd,-34.1,116.4,1998,PreservedSpecimen,670,0,0.207979,1,7,20,2,65,4,2,1,35,1,0.25,1,35,4,270.8940125,0,2690,0,2,1
68,852d9c51-6bfb-470b-aa21-ef844c869abb,-34.3,116.2,1998,PreservedSpecimen,913,0,0.408767,,,,,,,,,,,,,,4,272.2080078,0,2690,0,5,1
69,7149b6fe-7d6a-49c5-a592-f90e9bddf861,-34.1,116.4,1998,PreservedSpecimen,670,0,0.207979,1,7,20,2,65,4,2,1,35,1,0.25,1,35,4,270.8940125,0,2690,0,2,1
70,63f2d5bd-e063-43b8-9924-00dcccf2b2ba,-34.3,116.2,1962,PreservedSpecimen,913,0,0.408767,,,,,,,,,,,,,,4,272.2080078,0,2690,0,5,1
71,582658fe-7d27-4018-b23e-6c7c30d5af2b,-34.1,116.4,1998,PreservedSpecimen,670,0,0.207979,1,7,20,2,65,4,2,1,35,1,0.25,1,35,4,270.8940125,0,2690,0,2,1
73,38dfb6fd-0aa9-44ce-a2a4-656fa7db7a47,-34.1,116.4,1998,PreservedSpecimen,670,0,0.207979,1,7,20,2,65,4,2,1,35,1,0.25,1,35,4,270.8940125,0,2690,0,2,1
74,2e814dfa-e979-4be5-a5a6-35c275351fbf,-34.3,116.2,1997,PreservedSpecimen,913,0,0.408767,,,,,,,,,,,,,,4,272.2080078,0,2690,0,5,1
75,2783ccf8-56d9-42d0-a504-119ce9a50b27,-34.1,116.4,1998,PreservedSpecimen,670,0,0.207979,1,7,20,2,65,4,2,1,35,1,0.25,1,35,4,270.8940125,0,2690,0,2,1
76,26ae978f-6488-4ebd-9f55-e6822d3eb22b,-34.1,116.3,1999,PreservedSpecimen,738,0,0.0320492,1,7,20,2,65,4,2,1,35,1,0.25,1,35,4,315.0100098,1,2690,0,2,1
77,1c25b959-e72a-4083-9775-71fb536b9929,-34.1,116.4,1998,PreservedSpecimen,670,0,0.207979,1,7,20,2,65,4,2,1,35,1,0.25,1,35,4,270.8940125,0,2690,0,2,1
78,004b3ce2-be37-4a9c-890b-c50321f4aa60,-34.1,116.4,1998,PreservedSpecimen,670,0,0.207979,1,7,20,2,65,4,2,1,35,1,0.25,1,35,4,270.8940125,0,2690,0,2,1
80,fc97108b-76a7-4ac0-b344-edfe3b99a1ca,-34.3,116.5,1994,PreservedSpecimen,717,0,0.130322,,,,,,,,,,,,,,4,222.2299957,1,2690,0,1,0
82,e7e04a23-3145-4cd5-9915-eca5a37fba5e,-34.3,116.5,2002,PreservedSpecimen,717,0,0.130322,,,,,,,,,,,,,,4,222.2299957,1,2690,0,1,0
83,6db606d6-55cf-4e8c-859a-3f5663138c55,-34.2,116.2,2001,PreservedSpecimen,809,0,0.231068,,,,,,,,,,,,,,98,260.9259949,0,2690,0,5,1
84,6d587a65-e225-4070-8e42-b7d79efc68a6,-34.1,116.4,1998,PreservedSpecimen,670,0,0.207979,1,7,20,2,65,4,2,1,35,1,0.25,1,35,4,270.8940125,0,2690,0,2,1
85,6b508911-36ed-49a3-8940-9b9636711c0e,-34.3,116.5,1994,PreservedSpecimen,717,0,0.130322,,,,,,,,,,,,,,4,222.2299957,1,2690,0,1,0
25,f93e145c-bf60-4683-8b62-648093a17d96,-33.8,116.4,1967,PreservedSpecimen,593,0,0.240807,,,,,,,,,,,,,,98,248.6190033,0,2700,0,5,1
66,9e1ce30f-728a-436d-aa3a-219f0af90229,-33.8,116.4,1991,PreservedSpecimen,593,0,0.240807,,,,,,,,,,,,,,98,248.6190033,0,2700,0,5,1
22,cad3d89c-0a4a-4ddd-a139-9265fd687c16,-34.1,116.6,1999,PreservedSpecimen,648,0,0.145248,,,,,,,,,,,,,,4,270.2630005,0,2703,0,1,0
32,9f07011c-66c7-4f24-81a4-3e7b4b40c793,-34.2,116.6,0,PreservedSpecimen,664,0,0.181757,1,7,20,1,35,4,2,2,65,,,,,8,242.4499969,1,2703,0,1,0
36,7a9e1b1a-af3d-4b00-a174-36de783df401,-34.3,116.7,0,PreservedSpecimen,679,0,0.201405,1,7,20,2,65,4,2,1,35,1,0.25,1,35,4,211.9149933,0,2703,0,5,1
79,fd06a5d6-6ffb-4615-b714-b469cb921e3c,-34.2,116.4,1971,PreservedSpecimen,696,0,0.182918,1,7,20,2,65,4,2,1,35,1,0.25,1,35,4,197.9309998,1,2703,0,2,1
87,3d4d9b1f-ddc0-4406-b47b-ad7e164b94e8,-34.3,116.6,2001,PreservedSpecimen,689,0,0.259354,1,7,20,2,65,4,2,1,35,1,0.25,1,35,4,210.1679993,0,2703,0,1,1
29,d5fa8d0a-337b-49c7-90ed-0dc08f1e9fe3,-33.7,117.6,0,PreservedSpecimen,435,0,0.189399,1,7,20,1,35,4,2,2,65,,,,,98,314.8760071,0,2820,0,5,1
61,5be83903-6d28-4c9f-94d5-f65cd8e93aa0,-34.1,117.3,1900,PreservedSpecimen,508,0,0.225946,,,,,,,,,,,,,,98,315.928009,0,2820,0,5,0
72,4aad0185-768a-44ed-934d-2cc53358f411,-33.6,117.2,1900,PreservedSpecimen,440,5000,0.176884,,,,,,,,,,,,,,98,282.4729919,0,2820,0,5,1
446,25440d6e-36d1-4574-b5a9-3129eb729620,-32.5,116.9,1961,PreservedSpecimen,437,5000,0.333798,,,,,,,,,,,,,,98,339.6040039,0,2821,0,5,1
454,79a8e51d-b16c-4c6a-8757-e4dbba49dfa3,-32.6,117.3,1959,PreservedSpecimen,397,0,0.145346,,,,,,,,,,,,,,98,357.6740112,0,2821,0,5,1
456,09fd8e85-07a0-4104-a5b4-786a9e7c185d,-32.6,117.3,1959,PreservedSpecimen,397,0,0.145346,,,,,,,,,,,,,,98,357.6740112,0,2821,0,5,1
2,0add5b18-b54d-413a-8711-8c2d113bb18f,-34.5,116,2001,PreservedSpecimen,1132,0,0.328307,1,8,>30,2,65,4,2,2,65,1,0.25,1,35,98,92.6996994,0,2830,0,2,1
411,ab1253c6-50fe-427a-9c6c-9772df32e265,-32.8,117,1998,PreservedSpecimen,454,0,0.106308,,,,,,,,,,,,,,98,324.5190125,0,2832,0,2,1
412,42d69766-2778-4d34-9f9c-5049d7369386,-32.5,117.3,1964,PreservedSpecimen,363,0,0.429561,,,,,,,,,,,,,,98,329.6319885,0,2832,0,5,1
413,156f2ad0-5a3c-4000-8748-d5bc64434079,-32.5,117.2,1970,PreservedSpecimen,393,0,0.19007,,,,,,,,,,,,,,98,342.8240051,1,2832,0,5,1
414,fa7e43f7-69f5-48bb-b419-364cdd1d1918,-32.7,116.7,1963,PreservedSpecimen,501,0,0.315536,,,,,,,,,,,,,,98,313.8269958,0,2832,0,3,1
415,c2ab4070-c561-401b-b30a-252d65eaa693,-32.5,117.4,1906,PreservedSpecimen,358,0,0.333119,,,,,,,,,,,,,,98,337.7380066,0,2832,0,5,1
416,359f6484-b6b9-4f5a-bc6e-536c4611309f,-32.5,117.2,1967,PreservedSpecimen,393,0,0.19007,,,,,,,,,,,,,,98,342.8240051,1,2832,0,5,1
417,23256dac-a049-4013-920d-2f1e425dad88,-32.5,117.2,1969,PreservedSpecimen,393,0,0.19007,,,,,,,,,,,,,,98,342.8240051,1,2832,0,5,1
418,fbc4ced7-4519-47c1-88ee-4d3e6fe35bf6,-32.7,116.8,1964,PreservedSpecimen,452,0,0.329304,,,,,,,,,,,,,,98,276.3880005,0,2832,0,2,0
419,fbb486dd-4f1e-4298-aa8a-30ea12d48afd,-32.7,116.8,1964,PreservedSpecimen,452,0,0.329304,,,,,,,,,,,,,,98,276.3880005,0,2832,0,2,0
420,ad2a2a8e-1db5-4c39-a8a2-f7bd82bdba77,-32.7,116.8,1964,PreservedSpecimen,452,0,0.329304,,,,,,,,,,,,,,98,276.3880005,0,2832,0,2,0
421,7d966078-9592-4937-931c-ff8c79d40101,-32.7,116.8,1964,PreservedSpecimen,452,0,0.329304,,,,,,,,,,,,,,98,276.3880005,0,2832,0,2,0
422,00982fbe-409a-40e0-ba42-fe6ad08544d4,-32.5,117.2,1968,PreservedSpecimen,393,0,0.19007,,,,,,,,,,,,,,98,342.8240051,1,2832,0,5,1
423,f3c01234-6b3c-4f8d-8a54-4cedfff1b5ec,-32.5,117.2,0,PreservedSpecimen,393,0,0.19007,,,,,,,,,,,,,,98,342.8240051,1,2832,0,5,1
424,e41c046d-6ea2-4a4c-a559-dc0ca3d55e56,-32.5,117.2,0,PreservedSpecimen,393,0,0.19007,,,,,,,,,,,,,,98,342.8240051,1,2832,0,5,1
425,d192fd03-b61d-427d-a59a-8bf824a4fcdf,-32.5,117.2,0,PreservedSpecimen,393,0,0.19007,,,,,,,,,,,,,,98,342.8240051,1,2832,0,5,1
426,cf377e3e-12fa-4c4d-9f12-6858605810cc,-32.5,117.2,0,PreservedSpecimen,393,0,0.19007,,,,,,,,,,,,,,98,342.8240051,1,2832,0,5,1
427,cabe1340-d1e2-45ee-81df-769d2228b320,-32.5,117.2,0,PreservedSpecimen,393,0,0.19007,,,,,,,,,,,,,,98,342.8240051,1,2832,0,5,1
428,bfc81585-8a59-4644-a7c8-400cf37df499,-32.5,117.2,0,PreservedSpecimen,393,0,0.19007,,,,,,,,,,,,,,98,342.8240051,1,2832,0,5,1
429,bad8ec19-302d-42b2-b913-35350cf9204e,-32.5,117.2,0,PreservedSpecimen,393,0,0.19007,,,,,,,,,,,,,,98,342.8240051,1,2832,0,5,1
432,84ea6419-d366-44e4-956e-863cb5b7c83e,-32.5,117.2,0,PreservedSpecimen,393,0,0.19007,,,,,,,,,,,,,,98,342.8240051,1,2832,0,5,1
433,84dd78b2-760d-4c8f-a564-effd1301c7ba,-32.5,117.2,0,PreservedSpecimen,393,0,0.19007,,,,,,,,,,,,,,98,342.8240051,1,2832,0,5,1
435,5dcf9250-9b60-4965-89f1-b127abec578a,-32.5,117.3,0,PreservedSpecimen,363,0,0.429561,,,,,,,,,,,,,,98,329.6319885,0,2832,0,5,1
436,5d81cc31-7fc4-4804-94c3-10e4982a1d9f,-32.5,117.2,0,PreservedSpecimen,393,0,0.19007,,,,,,,,,,,,,,98,342.8240051,1,2832,0,5,1
437,5567940d-5f39-4b21-8036-b1f486deccf4,-32.5,117.2,0,PreservedSpecimen,393,0,0.19007,,,,,,,,,,,,,,98,342.8240051,1,2832,0,5,1
438,3e5a4875-a7b0-4b92-ab20-0162ff79ab3f,-32.5,117.1,0,PreservedSpecimen,397,0,0.303435,,,,,,,,,,,,,,98,315.6650085,1,2832,0,5,1
439,223c7340-1ccc-444b-8057-adf140cd7d42,-32.5,117.2,0,PreservedSpecimen,393,0,0.19007,,,,,,,,,,,,,,98,342.8240051,1,2832,0,5,1
440,1a3bed54-0b96-4638-a420-6b95cee4e44e,-32.5,117.2,0,PreservedSpecimen,393,0,0.19007,,,,,,,,,,,,,,98,342.8240051,1,2832,0,5,1
441,17fb9571-db67-4472-a472-07b2e8deaf26,-32.5,117.2,0,PreservedSpecimen,393,0,0.19007,,,,,,,,,,,,,,98,342.8240051,1,2832,0,5,1
442,041ce54a-6370-4c3e-b4ac-6fd68f8cff63,-32.7,116.8,0,PreservedSpecimen,452,0,0.329304,,,,,,,,,,,,,,98,276.3880005,0,2832,0,2,0
443,01b02cf1-f21f-4fbb-98a2-c999b9d0ae3a,-32.5,117.2,0,PreservedSpecimen,393,0,0.19007,,,,,,,,,,,,,,98,342.8240051,1,2832,0,5,1
444,cf65364d-12e6-4e76-b22b-2a5d79699f21,-32.5,117.2,1967,PreservedSpecimen,393,0,0.19007,,,,,,,,,,,,,,98,342.8240051,1,2832,0,5,1
445,5100a6a6-f2ba-4fb8-b71c-a330671d8c15,-32.8,116.9,1995,PreservedSpecimen,456,0,0.239906,1,7,20,1,35,,,,,,,,,8,291.29599,0,2832,0,2,1
447,de6774de-1634-4575-932e-10adb6a83aa0,-32.4,117.4,1906,PreservedSpecimen,338,0,0.0909243,,,,,,,,,,,,,,8,255.223999,0,2832,0,5,1
448,90eecd43-d705-41a3-96ac-f89608c6e0fd,-32.5,117.2,1968,PreservedSpecimen,393,0,0.19007,,,,,,,,,,,,,,98,342.8240051,1,2832,0,5,1
449,73e2a7e2-4cf8-4437-bda6-d9d0be4cb487,-32.4,117.4,1906,PreservedSpecimen,338,0,0.0909243,,,,,,,,,,,,,,8,255.223999,0,2832,0,5,1
450,f95f79bd-09dc-4f10-b347-3570a517abca,-32.5,117.2,1967,PreservedSpecimen,393,0,0.19007,,,,,,,,,,,,,,98,342.8240051,1,2832,0,5,1
451,ec26498d-e8bd-4db4-8084-86646d7f2ea0,-32.5,117.2,1967,PreservedSpecimen,393,0,0.19007,,,,,,,,,,,,,,98,342.8240051,1,2832,0,5,1
452,d5204c94-4954-4a3e-b81d-f1fdf726b915,-32.5,117.3,1959,PreservedSpecimen,363,0,0.429561,,,,,,,,,,,,,,98,329.6319885,0,2832,0,5,1
453,b554a855-69e4-4b48-bbb9-dd17d0874eaf,-32.5,117.3,1959,PreservedSpecimen,363,0,0.429561,,,,,,,,,,,,,,98,329.6319885,0,2832,0,5,1
455,1874c553-6821-4d45-823b-8259bd1ccd63,-32.5,117.3,1959,PreservedSpecimen,363,0,0.429561,,,,,,,,,,,,,,98,329.6319885,0,2832,0,5,1
457,eeba1232-3d48-4cd5-9e0f-65dd1b30d84b,-32.5,117.3,1971,PreservedSpecimen,363,0,0.429561,,,,,,,,,,,,,,98,329.6319885,0,2832,0,5,1
458,90d605c9-888e-41eb-9ba7-996cce06f733,-32.5,117.2,1967,PreservedSpecimen,393,0,0.19007,,,,,,,,,,,,,,98,342.8240051,1,2832,0,5,1
459,714848be-2e5a-4371-a610-23ca8b14a096,-32.8,117,1961,PreservedSpecimen,454,0,0.106308,,,,,,,,,,,,,,98,324.5190125,0,2832,0,2,1
460,6d9f7b33-38f1-4966-8d1e-94d2c39a141c,-32.5,117.2,1967,PreservedSpecimen,393,0,0.19007,,,,,,,,,,,,,,98,342.8240051,1,2832,0,5,1
461,14414926-6577-467b-8cf5-2a6806da90e4,-32.5,117.2,1967,PreservedSpecimen,393,0,0.19007,,,,,,,,,,,,,,98,342.8240051,1,2832,0,5,1
462,d916f595-9123-42ee-b635-17a142b3c2d9,-32.8,117,1961,PreservedSpecimen,454,0,0.106308,,,,,,,,,,,,,,98,324.5190125,0,2832,0,2,1
463,429dab33-7e5e-4f03-bbfa-ad976a77261c,-32.5,117.2,1967,PreservedSpecimen,393,0,0.19007,,,,,,,,,,,,,,98,342.8240051,1,2832,0,5,1
464,2ca94f6a-f62e-45d1-87c5-04026abc93be,-32.5,117.1,1992,PreservedSpecimen,397,0,0.303435,,,,,,,,,,,,,,98,315.6650085,1,2832,0,5,1
465,f65e9432-9661-4b4b-a381-d280173d5768,-32.9,117,1964,PreservedSpecimen,469,7071.069824,0.226465,,,,,,,,,,,,,,8,334.2049866,0,2832,0,5,1
466,ddd69674-d99c-4a04-89c0-08f5214caec2,-32.8,117,1997,PreservedSpecimen,454,0,0.106308,,,,,,,,,,,,,,98,324.5190125,0,2832,0,2,1
467,8fde9c34-5315-4991-afd2-56af33b94097,-32.9,116.9,1999,PreservedSpecimen,478,0,0.226611,,,,,,,,,,,,,,98,305.7279968,0,2832,0,5,0
468,626d5ef5-5a17-41d9-9cdd-175c79cee43b,-32.8,116.8,1964,PreservedSpecimen,485,0,0.171864,,,,,,,,,,,,,,98,287.2189941,0,2832,0,5,1
469,56476107-776e-43d2-9dd7-e0947ae3fec8,-32.9,117,1964,PreservedSpecimen,469,7071.069824,0.226465,,,,,,,,,,,,,,8,334.2049866,0,2832,0,5,1
470,87545434-74ba-4a21-bafc-9bfad63f6e5c,-32.5,117.2,1967,PreservedSpecimen,393,0,0.19007,,,,,,,,,,,,,,98,342.8240051,1,2832,0,5,1
471,6f9da503-04d8-4294-8e53-e17d7024c080,-32.5,117.2,1968,PreservedSpecimen,393,0,0.19007,,,,,,,,,,,,,,98,342.8240051,1,2832,0,5,1
472,1c34b156-7c1c-4379-b067-43b13993e538,-32.7,116.9,1984,PreservedSpecimen,437,0,0.199329,1,7,20,1,35,,,,,,,,,98,296.4379883,0,2832,0,5,1
473,d7e4f729-3224-4748-bbd2-3fbe484875de,-32.5,117.2,1967,PreservedSpecimen,393,0,0.19007,,,,,,,,,,,,,,98,342.8240051,1,2832,0,5,1
474,d7628699-33a7-4a01-b587-3999ec54239d,-32.5,117.1,1990,PreservedSpecimen,397,0,0.303435,,,,,,,,,,,,,,98,315.6650085,1,2832,0,5,1
475,d7201e21-5ed3-4606-a2b9-8d33a16e2cf8,-32.8,116.9,1995,PreservedSpecimen,456,0,0.239906,1,7,20,1,35,,,,,,,,,8,291.29599,0,2832,0,2,1
476,33c35733-4f8b-41b2-b816-617d173ece4e,-32.7,116.8,1967,PreservedSpecimen,452,0,0.329304,,,,,,,,,,,,,,98,276.3880005,0,2832,0,2,0
40,430ad488-9d37-4b79-a1b4-88319de068d7,-34.3,117.6,0,PreservedSpecimen,520,0,0.278279,1,7,20,1,35,3,1 TO 2,2,65,1,0.25,1,35,98,322.5020142,0,2833,0,5,1
431,b23ddb31-1863-4ba4-91d5-62ce0e60eb69,-32.1,116.9,0,PreservedSpecimen,410,0,0.0399607,,,,,,,,,,,,,,98,206.8619995,0,2895,0,5,1
434,6eb22295-0d06-4ef3-8b63-a5c12dd8f603,-32.1,116.9,0,PreservedSpecimen,410,0,0.0399607,,,,,,,,,,,,,,98,206.8619995,0,2895,0,5,1
31,ad081dbe-c73b-4add-acd7-6f53467bea13,-35,117.7,0,PreservedSpecimen,885,0,0.253685,,,,,,,,,,,,,,38,15.0566998,0,2990,0,3,1
33,93541918-93b4-42aa-b079-6fd9678882f9,-35,117.7,0,PreservedSpecimen,885,0,0.253685,,,,,,,,,,,,,,38,15.0566998,0,2990,0,3,1
1,5077ce7e-3245-4937-9ef3-1a9ae581a503,-34.1,115,1914,PreservedSpecimen,1057,,,,,,,,,,,,,,,,21,124.560997,0,,,1,1
4,f0fdf3d7-c187-4948-97db-19d8e68db4e2,-34.1,115,0,PreservedSpecimen,1057,,,,,,,,,,,,,,,,21,124.560997,0,,,1,1
5,e945d6ae-8dfd-4d70-af36-2feba87f76d4,-34.1,115,0,PreservedSpecimen,1057,,,,,,,,,,,,,,,,21,124.560997,0,,,1,1
6,e756cea2-cb04-46d6-b065-70ac735b857e,-34.1,115,0,PreservedSpecimen,1057,,,,,,,,,,,,,,,,21,124.560997,0,,,1,1
7,df2c85d6-5ba5-4cad-b93d-014a19dafc82,-34.1,115,0,PreservedSpecimen,1057,,,,,,,,,,,,,,,,21,124.560997,0,,,1,1
10,aeff26e6-4101-46dc-804c-b640403162af,-34.1,115,0,PreservedSpecimen,1057,,,,,,,,,,,,,,,,21,124.560997,0,,,1,1
11,acf031c8-db85-49bd-9b50-8f58bbfc15d2,-34.1,115,0,PreservedSpecimen,1057,,,,,,,,,,,,,,,,21,124.560997,0,,,1,1
12,885bc4c3-9b9b-4fd4-b28e-df5c462334f9,-34.1,115,0,PreservedSpecimen,1057,,,,,,,,,,,,,,,,21,124.560997,0,,,1,1
13,460925d1-282c-48bf-b6c9-1b26e770fd70,-34.1,115,0,PreservedSpecimen,1057,,,,,,,,,,,,,,,,21,124.560997,0,,,1,1
15,1c09c11d-76d6-4b10-b451-6444893f317d,-34.1,115,0,PreservedSpecimen,1057,,,,,,,,,,,,,,,,21,124.560997,0,,,1,1
90,f20aef81-48e4-428a-92fe-c24387acdc73,-34.75405,136.0055,2001,HumanObservation,399,,,,,,,,,,,,,,,,29,1.40265,0,,,,1
91,8e947e49-2930-4177-add3-89b5d162fe8b,-34.74323,135.97386,2001,HumanObservation,415,,,,,,,,,,,,,,,,,,0,,,,0
92,0bf88e9c-6e99-49de-b54c-487f5a0c7d88,-34.75405,136.0055,2001,HumanObservation,399,,,,,,,,,,,,,,,,29,1.40265,0,,,,1
93,e0207878-1ada-4f31-932e-056b15c20e65,-33.20179,134.60011,1996,HumanObservation,343,,,,,,,,,,,,,,,,32,54.6287003,0,,,5,0
94,dfe801d1-49b4-4ab6-9d91-ee1b0f45a7e7,-33.19557,134.63179,1996,HumanObservation,331,,,,,,,,,,,,,,,,49,,0,,,,0
95,da132a3d-306c-4cd3-83bd-13bc29860cfa,-33.20179,134.60011,1996,HumanObservation,343,,,,,,,,,,,,,,,,32,54.6287003,0,,,5,0
96,9d886bd0-8c6d-41d5-98c3-59d7357a0cc3,-34.75405,136.0055,2000,HumanObservation,399,,,,,,,,,,,,,,,,29,1.40265,0,,,,1
97,8b2170d6-b3ac-4621-9ec8-558d3ca5ba6b,-34.75405,136.0055,1999,HumanObservation,399,,,,,,,,,,,,,,,,29,1.40265,0,,,,1
98,85591573-6efe-41ab-a0a6-36120a42f433,-33.22395,134.62094,1996,HumanObservation,335,,,,,,,,,,,,,,,,21,57.9869995,0,,,1,0
99,645bbafc-2d7f-43ac-aad4-47621d0bef12,-34.75405,136.0055,2001,HumanObservation,399,,,,,,,,,,,,,,,,29,1.40265,0,,,,1
100,6352b374-1937-4042-a343-bf4b780ecb8f,-34.75405,136.0055,2000,HumanObservation,399,,,,,,,,,,,,,,,,29,1.40265,0,,,,1
101,5080244d-5e4a-4db7-a0bc-0380f2ab6636,-34.75405,136.0055,2000,HumanObservation,399,,,,,,,,,,,,,,,,29,1.40265,0,,,,1
102,47c57266-1c39-4119-b9bb-6336ca35c217,-33.22395,134.62094,1996,HumanObservation,335,,,,,,,,,,,,,,,,21,57.9869995,0,,,1,0
103,2cc6af35-9772-4ec0-9af1-d0f3de89823a,-34.75405,136.0055,2000,HumanObservation,399,,,,,,,,,,,,,,,,29,1.40265,0,,,,1
104,295b0167-df4f-4aaf-a0ee-abaef7a94c20,-33.22395,134.62094,1996,HumanObservation,335,,,,,,,,,,,,,,,,21,57.9869995,0,,,1,0
105,29183d77-e2fa-4f76-9e05-9ab5fd8d438e,-34.75405,136.0055,2001,HumanObservation,399,,,,,,,,,,,,,,,,29,1.40265,0,,,,1
106,17df6137-6168-45c9-90de-d82ed8a1b189,-33.20179,134.60011,1996,HumanObservation,343,,,,,,,,,,,,,,,,32,54.6287003,0,,,5,0
107,12438631-a49f-4ed9-9d84-c1f4442dc8fd,-33.22177,134.64563,1996,HumanObservation,335,0,,,,,,,,,,,,,,,32,,0,,,,0
108,00c37918-b29c-4812-aafe-6349c53bd2d8,-34.75405,136.0055,2000,HumanObservation,399,,,,,,,,,,,,,,,,29,1.40265,0,,,,1
478,33f251a3-295d-43fa-9151-910e09266b2a,-25.9,113.9,1972,PreservedSpecimen,227,,,,,,,,,,,,,,,,99,,0,,,0,0
