"","pres","longitude","latitude","optional"
"1",1,993386.667016136,-4712837.13621386,TRUE
"2",1,1010972.52830522,-4705868.10087156,TRUE
"3",1,1124909.49614727,-4873415.27503151,TRUE
"4",1,1071714.89723942,-4782476.609206,TRUE
"5",1,1107604.59463155,-4715482.17949177,TRUE
"6",1,1167914.99977636,-4746308.55250487,TRUE
"7",1,1095169.05231921,-4890106.37887741,TRUE
"8",1,1078683.41125449,-4791653.99735044,TRUE
"9",1,1198694.119344,-4799841.92683114,TRUE
"10",1,1169720.24705755,-4821296.85755121,TRUE
"11",1,1077938.06169767,-4791884.98733741,TRUE
"12",1,1170883.13219982,-4822032.08603927,TRUE
"13",1,1105606.30068294,-4719894.97177814,TRUE
"14",1,1176664.47348505,-4728809.69152262,TRUE
"15",1,1161730.61934793,-4895879.59064758,TRUE
"16",1,1115294.67214044,-4734565.02551687,TRUE
"17",1,1127144.64330571,-4879654.31163106,TRUE
"18",1,1175071.13547295,-4726288.12583287,TRUE
"19",1,1029947.62811485,-4786805.32094443,TRUE
"20",1,1179532.60310191,-4863420.78776579,TRUE
"21",1,1094839.20877421,-4895731.31526812,TRUE
"22",1,1123831.36342598,-4864508.38531212,TRUE
"23",1,1146102.94156702,-4733512.89164741,TRUE
"24",1,1090757.91891851,-4874672.6126791,TRUE
"25",1,1158298.1652668,-4874322.55616712,TRUE
"26",1,1078763.9767643,-4791868.47855063,TRUE
"27",1,1122381.33165569,-4775391.02631006,TRUE
"28",1,1125298.05017115,-4868957.58876577,TRUE
"29",1,1145030.30653923,-4735971.09957997,TRUE
"30",1,1142332.15300236,-4872812.52484087,TRUE
"31",1,1153993.21183839,-4812821.12852618,TRUE
"32",1,1149216.98915828,-4872166.51138188,TRUE
"33",1,1157917.44963947,-4880157.65787702,TRUE
"34",1,1176841.13136571,-4724003.38034593,TRUE
"35",1,1109484.43485434,-4777556.7937797,TRUE
"36",1,1071178.67189109,-4781699.36076534,TRUE
"37",1,1182749.22330169,-4733631.20167587,TRUE
"38",1,1146568.71917774,-4880827.31044851,TRUE
"39",1,1085229.47509107,-4918065.25728724,TRUE
"40",1,1060905.22048253,-4723137.92477643,TRUE
"41",1,1090036.88994652,-4786970.04462043,TRUE
"42",1,1117746.10425051,-4806425.76320778,TRUE
"43",1,1166498.17728448,-4852576.50408763,TRUE
"44",1,1106297.67675435,-4892548.83015831,TRUE
"45",1,1145165.2462282,-4734649.62683405,TRUE
"46",1,1176841.13136571,-4724003.38034593,TRUE
"47",1,1207328.93443855,-4749152.38996246,TRUE
"48",1,1165085.46543375,-4904324.13834753,TRUE
"49",1,1150373.00999091,-4871973.4107882,TRUE
"50",1,1159023.7833289,-4875325.47905677,TRUE
"51",1,1131536.07093528,-4843934.62728288,TRUE
"52",1,1095518.91731577,-4726034.25727695,TRUE
"53",1,1097328.65659912,-4852289.37707564,TRUE
"54",1,1124091.07862185,-4916782.6616948,TRUE
"55",1,1075120.28706835,-4891849.92200705,TRUE
"56",1,1117031.1048734,-4881705.66604848,TRUE
"57",1,1080851.32779607,-4732887.0975509,TRUE
"58",1,1112683.3653828,-4877374.29384591,TRUE
"59",1,1082728.65626323,-4816729.88264225,TRUE
"60",1,1106771.96236381,-4857428.24829757,TRUE
"61",1,1132854.32884542,-4757345.76927258,TRUE
"62",1,1122740.64124397,-4840004.74573135,TRUE
"63",1,1134308.39733882,-4842050.26690139,TRUE
"64",1,1153949.56025864,-4734709.98084565,TRUE
"65",1,1109234.21228673,-4733187.19523607,TRUE
"66",1,1146460.73853364,-4855939.59562472,TRUE
"67",1,1069361.26550492,-4855985.03657579,TRUE
"68",1,1115879.3107568,-4895964.86303213,TRUE
"69",1,1180755.36588798,-4827234.93452336,TRUE
"70",1,1181538.35309749,-4735973.55301607,TRUE
"71",1,1108801.96881799,-4871245.70068542,TRUE
"72",1,1098721.51926126,-4910261.99413543,TRUE
"73",1,1079696.84309209,-4877740.62180084,TRUE
"74",1,1116689.40812766,-4891009.60132507,TRUE
"75",1,1115294.67214044,-4734565.02551687,TRUE
"76",1,1207344.0553859,-4805419.29037543,TRUE
"77",1,1129837.18916477,-4885664.25967093,TRUE
"78",1,1083088.30809502,-4862070.39489927,TRUE
"79",1,1115294.67214044,-4734565.02551687,TRUE
"80",1,1138867.95143002,-4860852.5020063,TRUE
"81",1,1068757.13523413,-4855581.6263287,TRUE
"82",1,1079952.69846388,-4912025.91643115,TRUE
"83",1,1061287.39998088,-4782717.35561932,TRUE
"84",1,1136608.06287673,-4763286.67550455,TRUE
"85",1,1166810.6269107,-4747070.17435506,TRUE
"86",1,1139222.17683829,-4765471.01408443,TRUE
"87",1,1079034.44711451,-4865264.7759483,TRUE
"88",1,1136200.82668296,-4869089.9789323,TRUE
"89",1,1074666.68859884,-4854101.5646414,TRUE
"90",1,1105252.61723833,-4911745.59590669,TRUE
"91",1,1066042.34629139,-4855120.01060132,TRUE
"92",1,1181775.79140982,-4856020.3689072,TRUE
"93",1,1120727.69837538,-4858905.69026687,TRUE
"94",1,1054702.81331786,-4813896.06093246,TRUE
"95",1,1180216.61424421,-4736353.99434742,TRUE
"96",1,1169127.16137808,-4744479.16582345,TRUE
"97",1,1112974.87174185,-4885710.18073285,TRUE
"98",1,1208360.04912489,-4806710.91987424,TRUE
"99",1,1113675.75476417,-4887697.62714724,TRUE
"100",1,1116689.40812766,-4891009.60132507,TRUE
"101",1,1107961.9753377,-4901393.00217832,TRUE
"102",1,1090658.57674767,-4901057.1570425,TRUE
"103",1,1072392.30758281,-4850723.95876627,TRUE
"104",1,1181775.79140982,-4856020.3689072,TRUE
"105",1,1076967.57672398,-4731831.32846307,TRUE
"106",1,1060056.51598529,-4784132.41484326,TRUE
"107",1,1121111.48580283,-4719970.15094231,TRUE
"108",1,1117134.41212906,-4883409.04159229,TRUE
"109",1,1118561.88481112,-4891382.31493873,TRUE
"110",1,1128007.08167176,-4882052.37032343,TRUE
"111",1,1081809.34512439,-4804279.46122918,TRUE
"112",1,1103536.42582016,-4873710.64824938,TRUE
"113",1,1058338.30814248,-4776309.391631,TRUE
"114",1,1170842.27081898,-4846557.80287618,TRUE
"115",1,1133021.64612741,-4715529.10214754,TRUE
"116",1,1091622.0322576,-4726030.01746186,TRUE
"117",1,1081809.34512439,-4804279.46122918,TRUE
"118",1,1134836.0591794,-4873599.69038826,TRUE
"119",1,1103536.42582016,-4873710.64824938,TRUE
"120",1,1091622.0322576,-4726030.01746186,TRUE
"121",1,1132846.72668359,-4744025.97824286,TRUE
"122",1,1132846.72668359,-4744025.97824286,TRUE
"123",1,1107928.16500509,-4912098.5899735,TRUE
"124",1,1091622.0322576,-4726030.01746186,TRUE
"125",1,1112137.66082497,-4872321.1611942,TRUE
"126",1,1132934.51886067,-4756593.73605732,TRUE
"127",1,1091622.0322576,-4726030.01746186,TRUE
"128",1,1058338.30814248,-4776309.391631,TRUE
"129",1,1091622.0322576,-4726030.01746186,TRUE
"130",1,1133021.64612741,-4715529.10214754,TRUE
"131",1,1091622.0322576,-4726030.01746186,TRUE
"132",1,1091622.0322576,-4726030.01746186,TRUE
"133",1,1074640.9076656,-4783663.62898294,TRUE
"134",1,1128634.15685205,-4868339.27367218,TRUE
"135",1,1121112.07965462,-4719970.21338923,TRUE
"136",1,1081809.34512439,-4804279.46122918,TRUE
"137",1,1117134.41212906,-4883409.04159229,TRUE
"138",1,1117134.41212906,-4883409.04159229,TRUE
"139",1,1111112.66128819,-4905100.57745867,TRUE
"140",1,1129803.48835214,-4887251.08129008,TRUE
"141",1,1112740.37499154,-4881017.0535503,TRUE
"142",1,1103971.11261173,-4776268.41658674,TRUE
"143",1,1191673.4834714,-4790124.24695215,TRUE
"144",1,1158462.38545593,-4834803.10668499,TRUE
"145",1,1124746.7560778,-4872985.23430332,TRUE
"146",1,1161388.0591959,-4894996.17508826,TRUE
"147",1,1178644.16948054,-4846107.37362548,TRUE
"148",1,1048712.69399512,-4792392.85552268,TRUE
"149",1,1108958.44041475,-4890198.06411633,TRUE
"150",1,1110387.16408612,-4867895.01681723,TRUE
"151",1,1163394.61454177,-4833959.65407062,TRUE
"152",1,1153683.2635344,-4776556.58740932,TRUE
"153",1,1205980.5232196,-4791243.33009295,TRUE
"154",1,1097953.7930949,-4739151.69441123,TRUE
"155",1,1137116.03128928,-4872282.84410646,TRUE
"156",1,1126041.31241788,-4843166.52141467,TRUE
"157",1,1120375.21491879,-4764895.88382445,TRUE
"158",1,1163280.58167532,-4836423.3532275,TRUE
"159",1,1124914.7057172,-4859352.03136739,TRUE
"160",1,1091718.49838828,-4898441.56157108,TRUE
"161",1,1161378.9071405,-4853978.7605849,TRUE
"162",1,1095097.68403277,-4869829.86124507,TRUE
"163",1,1171468.07982315,-4766091.77820181,TRUE
"164",1,1130239.51530586,-4843492.59374437,TRUE
"165",1,1169883.69628008,-4845339.4797544,TRUE
"166",1,1163857.99300139,-4828335.05794016,TRUE
"167",1,1141439.87964656,-4795357.74208302,TRUE
"168",1,1151963.83998678,-4778929.50241023,TRUE
"169",1,1088039.72846633,-4861211.55141078,TRUE
"170",1,1119139.56108002,-4869207.49580687,TRUE
"171",1,1160167.14173392,-4835284.50374235,TRUE
"172",1,1119698.10869328,-4719821.62099743,TRUE
"173",1,1178644.16948054,-4846107.37362548,TRUE
"174",1,1032130.55350487,-4786626.47465887,TRUE
"175",1,1163129.4716487,-4833520.44503823,TRUE
"176",1,1114817.29491295,-4859981.71242207,TRUE
"177",1,1171222.83946201,-4845668.80051151,TRUE
"178",1,1120917.79837539,-4763523.04071558,TRUE
"179",1,1103953.6634155,-4867977.97354036,TRUE
"180",1,1094446.92068005,-4894412.64550283,TRUE
"181",1,1127850.81412779,-4842629.19722511,TRUE
"182",1,1136720.12995015,-4841502.52713629,TRUE
"183",1,1155405.52127384,-4838517.12667997,TRUE
"184",1,1035656.97825754,-4834913.09811029,TRUE
"185",1,1158187.01698036,-4834465.90420343,TRUE
"186",1,1156227.70200771,-4843655.40642613,TRUE
"187",1,1148467.57447743,-4879895.83481789,TRUE
"188",1,1111633.14610794,-4844940.71587223,TRUE
"189",1,1181177.86164335,-4823462.63958907,TRUE
"190",1,1101001.01124806,-4869717.31139282,TRUE
"191",1,1116129.01366899,-4875634.33785158,TRUE
"192",1,1105101.08979746,-4867614.80010065,TRUE
"193",1,1031686.11077026,-4787777.34891486,TRUE
"194",1,1045035.98537649,-4753885.58587141,TRUE
"195",1,1116202.0034883,-4889790.74299792,TRUE
"196",1,1132846.72668359,-4744025.97824286,TRUE
"197",1,1110492.12393879,-4928693.27634917,TRUE
"198",1,1092170.6565365,-4866559.86825013,TRUE
"199",1,1138217.71412617,-4761555.02796496,TRUE
"200",1,1204503.17767362,-4803034.84452684,TRUE
"201",1,1143617.20199722,-4790713.43528871,TRUE
"202",1,1133187.06205207,-4878394.1366359,TRUE
"203",1,1066170.9700155,-4826497.06399413,TRUE
"204",1,1070242.39787903,-4838725.62577428,TRUE
"205",1,1113770.52005664,-4799009.67226925,TRUE
"206",1,1072726.06148706,-4813087.05498067,TRUE
"207",1,1108288.92993701,-4896323.52457601,TRUE
"208",1,1145598.64215908,-4878310.57003741,TRUE
"209",1,1077821.00407588,-4856560.78612839,TRUE
"210",1,1107485.6053986,-4797021.27520244,TRUE
"211",1,1104634.40982498,-4859552.60765805,TRUE
"212",1,1092982.28108097,-4792837.95730672,TRUE
"213",1,1129134.62184708,-4894808.81338963,TRUE
"214",1,1105591.64894463,-4867297.50586493,TRUE
"215",1,1158532.48164337,-4877219.6218189,TRUE
"216",1,1107927.37781469,-4911917.20859697,TRUE
"217",1,1143504.26955061,-4777530.29984951,TRUE
"218",1,1117344.13509173,-4850897.82616929,TRUE
"219",1,1110303.69504275,-4904913.96560589,TRUE
"220",1,1070028.08816569,-4840768.12061322,TRUE
"221",1,1063201.62837357,-4834991.75384502,TRUE
"222",1,1115638.38688453,-4887288.81563671,TRUE
"223",1,1106102.92375091,-4867350.24294069,TRUE
"224",1,1155144.73778357,-4828220.73804913,TRUE
"225",1,1074441.24678642,-4819352.03047446,TRUE
"226",1,1036799.26253747,-4788258.16730398,TRUE
"227",1,1079537.52139085,-4889037.84013676,TRUE
"228",1,1087857.03482617,-4794370.45789301,TRUE
"229",1,1116458.50860883,-4887541.51818276,TRUE
"230",1,1146743.47437158,-4879253.26464413,TRUE
"231",1,1105972.23190228,-4891791.0835928,TRUE
"232",1,1205870.75407874,-4804817.40182417,TRUE
"233",1,1012658.98292632,-4742637.89215336,TRUE
"234",1,1093088.03658608,-4891018.60252344,TRUE
"235",1,1154294.46712627,-4861782.15480055,TRUE
"236",1,1109131.02871749,-4802033.76197425,TRUE
"237",1,1146820.61694686,-4835687.99926883,TRUE
"238",1,1114591.28529583,-4886577.36384427,TRUE
"239",1,1076303.26990699,-4718270.72172124,TRUE
"240",1,1109131.02871749,-4802033.76197425,TRUE
"241",1,1118873.38472683,-4797475.1029198,TRUE
"242",1,1103123.83768437,-4796363.67191385,TRUE
"243",1,1035895.20111301,-4789160.25403614,TRUE
"244",1,1149511.22775402,-4847826.35300147,TRUE
"245",1,1063942.15706194,-4820546.44823044,TRUE
"246",1,1078855.54854774,-4854530.25267737,TRUE
"247",1,1192649.9231015,-4726002.58398031,TRUE
"248",1,1088555.34378951,-4895230.97408988,TRUE
"249",1,1149511.22775402,-4847826.35300147,TRUE
"250",1,1151782.71377996,-4871825.50914539,TRUE
"251",1,1155396.9815679,-4827378.07261635,TRUE
"252",1,1098003.541656,-4860334.0452751,TRUE
"253",1,1100948.39160781,-4869696.36878702,TRUE
"254",1,1168234.99294512,-4850684.07509217,TRUE
"255",1,1075642.83781043,-4891801.01651989,TRUE
"256",1,1066814.77940424,-4845800.63971652,TRUE
"257",1,1082382.47105412,-4891675.98107118,TRUE
"258",1,1109131.02871749,-4802033.76197425,TRUE
"259",1,1074558.3998775,-4910116.84888388,TRUE
"260",1,1090371.50624214,-4724452.32151547,TRUE
"261",1,1116863.22086357,-4797989.21311467,TRUE
"262",1,1078396.31270664,-4914039.13308657,TRUE
"263",1,1085403.94707176,-4889438.69242154,TRUE
"264",1,1152819.05061982,-4862372.56882026,TRUE
"265",1,1131776.29129831,-4755156.85545216,TRUE
"266",1,1062407.03940535,-4800918.43984087,TRUE
"267",1,1126672.71283154,-4881451.52236278,TRUE
"268",1,1061121.76544952,-4801865.24489297,TRUE
"269",1,1149544.48781952,-4871992.98510249,TRUE
"270",1,1086339.42915465,-4886660.76684182,TRUE
"271",1,1121748.54614266,-4796000.18420495,TRUE
"272",1,1149878.49402727,-4848276.36240582,TRUE
"273",1,1110227.6068714,-4800395.44358215,TRUE
"274",1,1124833.47805556,-4884547.53244204,TRUE
"275",1,1107281.74394631,-4797000.18890165,TRUE
"276",1,1089455.26880664,-4792628.15118165,TRUE
"277",1,1070259.10940282,-4780160.95922608,TRUE
"278",1,1199017.92848097,-4791119.07757701,TRUE
"279",1,1104403.51355172,-4867794.97670141,TRUE
"280",1,1151207.20606728,-4871386.14951987,TRUE
"281",1,1094058.32945348,-4725265.61018955,TRUE
"282",1,1086471.98831372,-4896137.5223447,TRUE
"283",1,1071570.21703864,-4782873.35579786,TRUE
"284",1,1110469.77575138,-4798050.85849714,TRUE
"285",1,1091291.29160665,-4802350.38938993,TRUE
"286",1,1082188.38556921,-4891552.28790989,TRUE
"287",1,1121474.04368291,-4797227.57405848,TRUE
"288",1,1070555.69635634,-4783079.80815313,TRUE
"289",1,1150015.38646519,-4845364.47562746,TRUE
"290",1,1115293.83475393,-4892594.08515781,TRUE
"291",1,1109360.97406293,-4715869.75319733,TRUE
"292",1,1109609.6308221,-4871432.22555838,TRUE
"293",1,1158298.1652668,-4874322.55616712,TRUE
"294",1,1123237.99773468,-4879653.14563464,TRUE
"295",1,1062407.03940535,-4800918.43984087,TRUE
"296",1,1058869.41396998,-4797813.76579312,TRUE
"297",1,1104566.12346361,-4852211.89017874,TRUE
"298",1,1112729.77484212,-4800769.14698791,TRUE
"299",1,1157179.34543434,-4872608.49503748,TRUE
"300",1,1078293.82630423,-4914028.45304841,TRUE
"301",1,1153443.65193508,-4805950.23016259,TRUE
"302",1,1154015.56728224,-4859430.65392874,TRUE
"303",1,1154294.46712627,-4861782.15480055,TRUE
"304",1,1145718.18930993,-4732754.70246358,TRUE
"305",1,1154294.46712627,-4861782.15480055,TRUE
"306",1,1117116.29497547,-4805536.53527988,TRUE
"307",1,1148027.51621519,-4839961.64683791,TRUE
"308",1,1066822.22663714,-4826083.64504445,TRUE
"309",1,1110161.07366829,-4802037.13451759,TRUE
"310",1,1116581.04452058,-4803729.67100649,TRUE
"311",1,1155070.15375639,-4827551.23716946,TRUE
"312",1,1156085.13807112,-4780629.75751298,TRUE
"313",1,1031896.99952599,-4746914.90633227,TRUE
"314",1,1105261.94154763,-4714314.93461266,TRUE
"315",1,1149216.98915828,-4872166.51138188,TRUE
"316",1,1148111.37221292,-4835990.13983202,TRUE
"317",1,1105833.06752977,-4713758.32146316,TRUE
"318",1,1170586.80497466,-4822929.91754422,TRUE
"319",1,1117116.29497547,-4805536.53527988,TRUE
"320",1,1126704.64535668,-4781392.97284774,TRUE
"321",1,1155340.33987788,-4877959.37917862,TRUE
"322",1,1148581.67897294,-4843473.28235534,TRUE
"323",1,1157085.28465657,-4881237.6005848,TRUE
"324",1,1107782.94832679,-4804109.90186935,TRUE
"325",1,1104357.50694119,-4796388.45901283,TRUE
"326",1,1124844.00113654,-4884555.84630532,TRUE
"327",1,1078716.52105933,-4915937.27399289,TRUE
"328",1,1138729.42806342,-4835987.01297361,TRUE
"329",1,1104788.3802344,-4715908.34105981,TRUE
"330",1,1067371.8650915,-4819383.58724662,TRUE
"331",1,1158325.02438768,-4914695.91622999,TRUE
"332",1,1150968.11793507,-4880403.7646794,TRUE
"333",1,1134786.20223323,-4793575.63414414,TRUE
"334",1,1126868.30073421,-4880609.25398054,TRUE
"335",1,1124987.10290699,-4884794.85477278,TRUE
"336",1,1089978.49649538,-4895259.65921589,TRUE
"337",1,1212713.66695419,-4758374.68154557,TRUE
"338",1,1142617.04623258,-4833404.41383964,TRUE
"339",1,1031876.30001468,-4788041.8819066,TRUE
"340",1,1114712.23536544,-4781914.82249953,TRUE
"341",1,1031876.30001468,-4788041.8819066,TRUE
"342",1,1138159.04466499,-4766001.03804986,TRUE
"343",1,1140199.02416026,-4796064.33436754,TRUE
"344",1,1040556.29728009,-4740304.30517939,TRUE
"345",1,1125298.05017115,-4868957.58876577,TRUE
"346",1,1146958.44615367,-4879171.65997304,TRUE
"347",1,1145099.95507075,-4832315.80975733,TRUE
"348",1,1132846.72668359,-4744025.97824286,TRUE
"349",1,1124663.66523692,-4888031.74034017,TRUE
"350",1,1120473.93741618,-4765934.71651128,TRUE
"351",1,1121211.92674593,-4920244.35605348,TRUE
"352",1,1097429.11537628,-4755530.10779596,TRUE
"353",1,1076325.73533714,-4890216.56692619,TRUE
"354",1,1203355.7234262,-4795922.17640708,TRUE
"355",1,1077682.46321607,-4856442.98693204,TRUE
"356",1,1125298.05017115,-4868957.58876577,TRUE
"357",1,1118713.23660826,-4877823.19212576,TRUE
"358",1,1132846.72668359,-4744025.97824286,TRUE
"359",1,1096769.70928452,-4824194.29588187,TRUE
"360",1,1119311.36968089,-4765257.38604925,TRUE
"361",1,1214025.61035635,-4725671.2833943,TRUE
"362",1,1160579.74784043,-4893777.50223111,TRUE
"363",1,1129046.91457921,-4717595.4446877,TRUE
"364",1,1209158.03155838,-4740582.40988981,TRUE
"365",1,1147520.55000149,-4879745.29626301,TRUE
"366",1,1209949.87557204,-4753292.01254889,TRUE
"367",1,1149349.96320252,-4880123.51852527,TRUE
"368",1,1137350.07692956,-4873029.98255854,TRUE
"369",1,1124633.85567476,-4797552.19611384,TRUE
"370",1,1092419.16119903,-4787136.9097962,TRUE
"371",1,1113785.54392236,-4882096.40569055,TRUE
"372",1,1139006.7957168,-4764750.674312,TRUE
"373",1,1108760.27577839,-4838524.67554775,TRUE
"374",1,1107763.92197802,-4908975.21688697,TRUE
"375",1,1120883.53706621,-4735033.82776082,TRUE
"376",1,1109602.86477663,-4902668.19404575,TRUE
"377",1,1157418.89745152,-4889220.41399863,TRUE
"378",1,1080539.77886687,-4912734.45160055,TRUE
"379",1,1060704.50179983,-4852686.3870963,TRUE
"380",1,1149559.56623458,-4909735.89375527,TRUE
"381",1,1186733.00333198,-4812409.08657129,TRUE
"382",1,1036062.41951683,-4753749.97740901,TRUE
"383",1,1151429.77816681,-4797279.94456572,TRUE
"384",1,1141020.15455178,-4874550.81523626,TRUE
"385",1,1146518.79448582,-4878981.44546081,TRUE
"386",1,1125396.45700901,-4884836.67013173,TRUE
"387",1,1160487.65076528,-4893664.8438473,TRUE
"388",1,1105063.88445711,-4892473.45161426,TRUE
"389",1,1114971.95749486,-4718076.24693452,TRUE
"390",1,1153448.90980776,-4791778.63152588,TRUE
"391",1,1068645.64039621,-4710178.7561196,TRUE
"392",1,1029641.99967915,-4786772.63869565,TRUE
"393",1,1125298.05017115,-4868957.58876577,TRUE
"394",1,1130963.86815343,-4752924.85718545,TRUE
"395",1,1156654.28734149,-4880098.68869964,TRUE
"396",1,1093494.51914491,-4889891.56051818,TRUE
"397",1,1214715.40213258,-4729483.73447675,TRUE
"398",1,1111112.66128819,-4905100.57745867,TRUE
"399",1,1164679.82215895,-4738688.11426594,TRUE
"400",1,1119139.56108002,-4869207.49580687,TRUE
"401",1,1110174.95744429,-4800905.16861703,TRUE
"402",1,1102777.92662419,-4914908.35130556,TRUE
"403",1,1138539.51194908,-4764291.53127947,TRUE
"404",1,1036733.20268293,-4719221.54206984,TRUE
"405",1,1134346.31620433,-4758370.10758954,TRUE
"406",1,1155061.44493418,-4879783.18755714,TRUE
"407",1,1089154.33042214,-4903502.73829777,TRUE
"408",1,1211760.29002006,-4759328.1447357,TRUE
"409",1,1136881.99975378,-4871535.72750025,TRUE
"410",1,1096184.18849715,-4794767.7739408,TRUE
"411",1,1186054.15770781,-4812863.55177794,TRUE
"412",1,1210403.26715828,-4766478.11550773,TRUE
"413",1,1125671.95071671,-4880226.55047705,TRUE
"414",1,1095483.59610923,-4794540.41232218,TRUE
"415",1,1073216.861809,-4910396.23274238,TRUE
"416",1,1141042.54889456,-4866827.74396055,TRUE
"417",1,1136684.48512884,-4863239.41417816,TRUE
"418",1,1131453.01555285,-4877273.78982571,TRUE
"419",1,1147465.66617188,-4768262.99310772,TRUE
"420",1,1049251.18852692,-4810259.90756491,TRUE
"421",1,1115849.4535134,-4715617.72487534,TRUE
"422",1,1181008.39412662,-4861845.64268665,TRUE
"423",1,1131375.78148391,-4758921.09755866,TRUE
"424",1,1132224.94347349,-4845601.49749676,TRUE
"425",1,1131281.06282197,-4865772.52964293,TRUE
"426",1,1106798.52065269,-4748721.42296483,TRUE
"427",1,1116364.0305297,-4887454.25921767,TRUE
"428",1,1105381.5401998,-4872340.24728771,TRUE
"429",1,1131281.06282197,-4865772.52964293,TRUE
"430",1,1098410.44884855,-4869940.35725133,TRUE
"431",1,1088259.03714786,-4872711.37624085,TRUE
"432",1,1099993.45398596,-4726693.49418107,TRUE
"433",1,1139620.36139501,-4874281.61864222,TRUE
"434",1,1134681.54750882,-4860400.69088498,TRUE
"435",1,1033318.11449161,-4788821.35812826,TRUE
"436",1,1150388.87157691,-4871673.33118445,TRUE
"437",1,1086595.50373972,-4778996.02461059,TRUE
"438",1,1137064.06100265,-4864483.47252269,TRUE
"439",1,1088050.75677093,-4792483.74407447,TRUE
"440",1,1175366.54537196,-4824723.69096568,TRUE
"441",1,1127584.79811695,-4726354.17850376,TRUE
"442",1,1113114.13441536,-4714701.4323042,TRUE
"443",1,1126692.27664336,-4869106.28449013,TRUE
"444",1,1125298.05017115,-4868957.58876577,TRUE
"445",1,1084760.54730823,-4891058.38310038,TRUE
"446",1,1146242.29050445,-4879099.19436363,TRUE
"447",1,1115692.09774124,-4717121.80267661,TRUE
"448",1,1137467.6386524,-4860221.59953211,TRUE
"449",1,1049475.20306269,-4808895.54666811,TRUE
"450",1,1078079.40700295,-4862098.54794386,TRUE
"451",1,1211082.44220473,-4754352.46090819,TRUE
"452",1,1088455.81417072,-4870818.23199845,TRUE
"453",1,1148725.38799102,-4835773.8742761,TRUE
"454",1,1111027.03609815,-4842752.85846856,TRUE
"455",1,1107919.72912586,-4910984.46275964,TRUE
"456",1,1174511.84046235,-4794094.34287453,TRUE
"457",1,1093992.95256495,-4844624.99648928,TRUE
"458",1,1166757.40560131,-4825678.47202671,TRUE
"459",1,1145547.63904657,-4732071.29109716,TRUE
"460",1,1116711.08530228,-4886843.43592985,TRUE
"461",1,1105763.21749224,-4907097.26268432,TRUE
"462",1,1140789.84501908,-4803756.76546588,TRUE
"463",1,1102611.10941456,-4761606.34598155,TRUE
"464",1,1128086.40320366,-4869255.91306828,TRUE
"465",1,1116692.96773672,-4763078.2172576,TRUE
"466",1,1136367.61725408,-4761395.57915623,TRUE
"467",1,1129558.39205705,-4815907.14077594,TRUE
"468",1,1044480.08047471,-4759538.09757083,TRUE
"469",1,1146460.73853364,-4855939.59562472,TRUE
"470",1,1146018.64806947,-4794786.02765151,TRUE
"471",1,1139962.22551028,-4765465.38454291,TRUE
"472",1,1153984.95944894,-4873068.56312194,TRUE
"473",1,1143464.52966784,-4857526.31787059,TRUE
"474",1,1135401.13650881,-4761253.4556519,TRUE
"475",1,1115911.62753875,-4890927.78485568,TRUE
"476",1,1153984.95944894,-4873068.56312194,TRUE
"477",1,1169942.0730065,-4855045.53151128,TRUE
"478",1,1151770.99144232,-4759573.8523354,TRUE
"479",1,1151257.98474802,-4873685.98430966,TRUE
"480",1,1159644.46340466,-4800083.99306662,TRUE
"481",1,1212068.99282067,-4778577.98728782,TRUE
"482",1,1078616.38999428,-4790946.44150944,TRUE
"483",1,1105474.18484563,-4897009.263115,TRUE
"484",1,1105474.18484563,-4897009.263115,TRUE
"485",1,1088884.59753258,-4893833.89173168,TRUE
"486",1,1116269.64576771,-4719049.29285354,TRUE
"487",1,1117141.89412776,-4719550.16572786,TRUE
"488",1,1154570.21237698,-4872131.63803937,TRUE
"489",1,1096152.45503764,-4794825.25685394,TRUE
"490",1,1155011.30670873,-4757024.68964102,TRUE
"491",1,1126692.27664336,-4869106.28449013,TRUE
"492",1,1151613.03611624,-4873474.90148508,TRUE
"493",1,1062858.72951303,-4780514.36075622,TRUE
"494",1,1047187.37091186,-4746489.00555182,TRUE
"495",1,1111613.47127283,-4938077.51714156,TRUE
"496",1,1158938.4997644,-4737705.71792008,TRUE
"497",1,1151288.88360954,-4873574.4156422,TRUE
"498",1,1148634.37450564,-4861914.36948954,TRUE
"499",1,1044480.08047471,-4759538.09757083,TRUE
"500",1,1114704.38435017,-4860587.84988553,TRUE
"501",1,1089450.23752435,-4902346.99007099,TRUE
"502",1,1181775.79140982,-4856020.3689072,TRUE
"503",1,1041208.43459376,-4725355.76602658,TRUE
"504",1,1208451.01084068,-4774621.05022854,TRUE
"505",1,1136720.12995015,-4841502.52713629,TRUE
"506",1,1132778.29134816,-4745749.55191666,TRUE
"507",1,1166757.40560131,-4825678.47202671,TRUE
"508",1,1146982.61247012,-4877043.03864768,TRUE
"509",1,1116692.96773672,-4763078.2172576,TRUE
"510",1,1095741.55543819,-4920604.87443362,TRUE
"511",1,1104648.88297878,-4863118.00444226,TRUE
"512",1,1170125.95381742,-4855270.39997991,TRUE
"513",1,1104648.88297878,-4863118.00444226,TRUE
"514",1,1104648.88297878,-4863118.00444226,TRUE
"515",1,1132199.06187263,-4755184.79650026,TRUE
"516",1,1093726.38382827,-4892647.16776474,TRUE
"517",1,1131511.62698598,-4753597.87766902,TRUE
"518",1,1138841.79641053,-4764553.83137841,TRUE
"519",1,1158866.58862751,-4874639.1044308,TRUE
"520",1,1104648.88297878,-4863118.00444226,TRUE
"521",1,1114817.29491295,-4859981.71242207,TRUE
"522",1,1053343.15680293,-4816472.33090003,TRUE
"523",1,1067379.48228029,-4828528.07043259,TRUE
"524",1,1183172.02239789,-4856177.10438353,TRUE
"525",1,1080792.53448785,-4835621.35006789,TRUE
"526",1,1114386.06962947,-4885312.13135939,TRUE
"527",1,1089406.9314001,-4779285.34603341,TRUE
"528",1,1215829.30099165,-4743708.22917736,TRUE
"529",1,1125301.03454009,-4744017.31461236,TRUE
"530",1,1181775.79140982,-4856020.3689072,TRUE
"531",1,1081452.73594013,-4856708.5639635,TRUE
"532",1,1201148.76084061,-4772298.25609258,TRUE
"533",1,1153531.60296089,-4881589.56166335,TRUE
"534",1,1183172.02239789,-4856177.10438353,TRUE
"535",1,1104648.88297878,-4863118.00444226,TRUE
"536",1,1146584.08298941,-4879061.4344152,TRUE
"537",1,1058338.30814248,-4776309.391631,TRUE
"538",1,1108833.64064251,-4863558.33636767,TRUE
"539",1,1152052.18046395,-4761864.35251754,TRUE
"540",1,1126760.81488903,-4802253.59442785,TRUE
"541",1,1114866.22232044,-4725015.89432603,TRUE
"542",1,1130555.80300909,-4819831.77379941,TRUE
"543",1,1183172.02239789,-4856177.10438353,TRUE
"544",1,1153688.88250726,-4869828.83174283,TRUE
"545",1,1108833.64064251,-4863558.33636767,TRUE
"546",1,1142285.36728268,-4788833.3588425,TRUE
"547",1,1119732.07485316,-4779132.13905253,TRUE
"548",1,1088847.16125106,-4867033.25637559,TRUE
"549",1,1119288.83877231,-4777439.70822376,TRUE
"550",1,1114424.95758275,-4846722.93330668,TRUE
"551",1,1148680.99294571,-4848533.88347935,TRUE
"552",1,1151452.37229517,-4900517.93663063,TRUE
"553",1,1158055.60624901,-4882543.49062889,TRUE
"554",1,1134380.13021673,-4730705.93261962,TRUE
"555",1,1119941.82533175,-4777095.2824841,TRUE
"556",1,1155296.24494294,-4873466.33497235,TRUE
"557",1,1138134.47622272,-4875215.79296467,TRUE
"558",1,1114271.57750027,-4759016.51150606,TRUE
"559",1,1177588.05894214,-4855550.74795052,TRUE
"560",1,1169005.68360107,-4919720.65656058,TRUE
"561",1,1143838.70669883,-4775490.37017832,TRUE
"562",1,1117915.05305818,-4876110.09679904,TRUE
"563",1,1141083.33610328,-4786799.19294863,TRUE
"564",1,1114379.74872375,-4859213.65292461,TRUE
"565",1,1069269.79063286,-4855872.11486199,TRUE
"566",1,1208381.34428887,-4807536.65294805,TRUE
"567",1,1120774.50570502,-4778004.37044848,TRUE
"568",1,1136306.48615201,-4876179.23117973,TRUE
"569",1,1117317.18528077,-4772605.53242458,TRUE
"570",1,1141083.33610328,-4786799.19294863,TRUE
"571",1,1147704.48175679,-4879970.61234401,TRUE
"572",1,1114767.55982766,-4860184.2345439,TRUE
"573",1,1116076.00066532,-4886985.15716249,TRUE
"574",1,1050986.58093996,-4792445.35303976,TRUE
"575",1,1149840.44470222,-4880271.26516359,TRUE
"576",1,1131645.65553742,-4755314.42814911,TRUE
"577",1,1141521.32757762,-4874693.63787319,TRUE
"578",1,1111027.03609815,-4842752.85846856,TRUE
"579",1,1183557.70894133,-4743981.07278885,TRUE
"580",1,1160633.00864077,-4893947.26945716,TRUE
"581",1,1119302.39049166,-4776309.00774821,TRUE
"582",1,1209493.78522204,-4786589.61005959,TRUE
"583",1,1119554.75837007,-4879276.13547609,TRUE
"584",1,1088244.35765252,-4790598.20794299,TRUE
"585",1,1131645.65553742,-4755314.42814911,TRUE
"586",1,1118713.23660826,-4877823.19212576,TRUE
"587",1,1128016.49166108,-4749219.88424601,TRUE
"588",1,1128016.49166108,-4749219.88424601,TRUE
"589",1,1185071.70479566,-4747317.18590766,TRUE
"590",1,1097213.67123373,-4867902.26574056,TRUE
"591",1,1130496.01618424,-4859950.21456337,TRUE
"592",1,1141083.33610328,-4786799.19294863,TRUE
"593",1,1103748.5956093,-4935421.94917885,TRUE
"594",1,1090451.37430943,-4798343.93029609,TRUE
"595",1,1182928.11094585,-4742069.16003472,TRUE
"596",1,1153896.99144018,-4845277.27866733,TRUE
"597",1,1076034.90443997,-4909246.52068711,TRUE
"598",1,1095477.73634979,-4738256.58911176,TRUE
"599",1,1187967.07476899,-4771758.55141609,TRUE
"600",1,1093082.77257764,-4734615.62049224,TRUE
"601",1,1149310.80097805,-4844710.08836682,TRUE
"602",1,1140424.93137292,-4753893.81898939,TRUE
"603",1,1079560.33086409,-4897902.38814327,TRUE
"604",1,1181773.15302011,-4734149.06486957,TRUE
"605",1,1125702.44679231,-4865173.97197009,TRUE
"606",1,1200495.29162068,-4764682.0185518,TRUE
"607",1,1115294.67214044,-4734565.02551687,TRUE
"608",1,1105160.69797769,-4911632.57913732,TRUE
"609",1,1100210.92831484,-4800012.43840299,TRUE
"610",1,1176344.90129067,-4810731.14207744,TRUE
"611",1,1103899.47409811,-4868673.09266809,TRUE
"612",1,1183557.70894133,-4743981.07278885,TRUE
"613",1,1152568.05885227,-4868590.74098885,TRUE
"614",1,1096565.47934477,-4922658.64900602,TRUE
"615",1,1130699.31811595,-4858059.27749753,TRUE
"616",1,1082999.26209066,-4781908.91277607,TRUE
"617",1,1106466.31688305,-4796915.82814434,TRUE
"618",1,1183105.21415464,-4733153.66621204,TRUE
"619",1,1103730.55852655,-4870309.34431363,TRUE
"620",1,1124498.76466815,-4790844.00574671,TRUE
"621",1,1082594.1609547,-4781351.67609039,TRUE
"622",1,1080193.14496154,-4787073.5955288,TRUE
"623",1,1164966.94628928,-4900168.37036627,TRUE
"624",1,1115294.67214044,-4734565.02551687,TRUE
"625",1,1141429.41786497,-4874580.97404436,TRUE
"626",1,1109131.02871749,-4802033.76197425,TRUE
"627",1,1115294.67214044,-4734565.02551687,TRUE
"628",1,1125500.76390532,-4867065.74868205,TRUE
"629",1,1126894.76330764,-4867215.45670606,TRUE
"630",1,1115294.67214044,-4734565.02551687,TRUE
"631",1,1110248.66788025,-4800191.55778048,TRUE
"632",1,1137545.83695935,-4859930.05338784,TRUE
"633",1,1084726.79306919,-4714328.3375279,TRUE
"634",1,1064791.07332763,-4723220.84788132,TRUE
"635",1,1135126.48135401,-4759677.73929947,TRUE
"636",1,1029743.8786021,-4786783.53358178,TRUE
"637",1,1099531.09248643,-4825061.78472201,TRUE
"638",1,1066097.85962932,-4855142.37420649,TRUE
"639",1,1081799.27077337,-4718745.10518254,TRUE
"640",1,1176100.09109458,-4723210.24006706,TRUE
"641",1,1099439.61405156,-4824949.14913291,TRUE
"642",1,1069223.62210416,-4726976.06789926,TRUE
"643",1,1158462.38545593,-4834803.10668499,TRUE
"644",1,1079154.00705919,-4789127.89126947,TRUE
"645",1,1164671.92722293,-4844553.84624325,TRUE
"646",1,1081687.02941767,-4718836.03213385,TRUE
"647",1,1140782.1158744,-4753416.34916865,TRUE
"648",1,1175071.13547295,-4726288.12583287,TRUE
"649",1,1087922.47866882,-4713225.52302281,TRUE
"650",1,1174847.41465007,-4726470.83834158,TRUE
"651",1,1107156.13829834,-4715846.2793124,TRUE
"652",1,1184350.13530365,-4800205.07615075,TRUE
"653",1,1107369.87503972,-4878535.10198518,TRUE
"654",1,1085133.04284096,-4714370.89865638,TRUE
"655",1,1130993.77917103,-4753164.37157994,TRUE
"656",1,1110319.60247417,-4796702.29542851,TRUE
"657",1,1109170.57628366,-4907538.84701923,TRUE
"658",1,1145718.18930993,-4732754.70246358,TRUE
"659",1,1209933.47628077,-4807624.19567733,TRUE
"660",1,1124892.86331011,-4747983.62285285,TRUE
"661",1,1115294.67214044,-4734565.02551687,TRUE
"662",1,1090078.43447596,-4904275.7027513,TRUE
"663",1,1106476.86989984,-4796813.90020506,TRUE
"664",1,1060941.52766307,-4820081.75884278,TRUE
"665",1,1123797.48325079,-4797672.32614421,TRUE
"666",1,1077718.70763504,-4792995.29026589,TRUE
"667",1,1080535.54894085,-4785770.48451668,TRUE
"668",1,1163628.75492769,-4851108.76658008,TRUE
"669",1,1154784.69459698,-4810000.83173651,TRUE
"670",1,1079694.39458574,-4786918.37874904,TRUE
"671",1,1037397.9496499,-4739223.87738525,TRUE
"672",1,1097309.91612755,-4740400.18351391,TRUE
"673",1,1121474.04368291,-4797227.57405848,TRUE
"674",1,1048795.14004137,-4719060.71720744,TRUE
"675",1,1040164.59125959,-4739313.3389793,TRUE
"676",1,1032862.4721384,-4788456.35287142,TRUE
"677",1,1119941.82533175,-4777095.2824841,TRUE
"678",1,1084662.94728628,-4714937.72185027,TRUE
"679",1,1124419.53203954,-4797633.19710373,TRUE
"680",1,1147744.30014868,-4911314.34969494,TRUE
"681",1,1106374.45269572,-4861211.59742836,TRUE
"682",1,1117556.5982526,-4892722.60304498,TRUE
"683",1,1074302.04706635,-4774510.95701798,TRUE
"684",1,1135464.54178634,-4866223.53913198,TRUE
"685",1,1070043.07474759,-4716276.70709226,TRUE
"686",1,1124846.32188657,-4790467.80488832,TRUE
"687",1,1107782.94832679,-4804109.90186935,TRUE
"688",1,1131569.83845138,-4867895.1164708,TRUE
"689",1,1176841.13136571,-4724003.38034593,TRUE
"690",1,1210827.10059558,-4806748.86491048,TRUE
"691",1,1003162.50364498,-4655901.56338825,TRUE
"692",1,945435.967478103,-4640440.43214273,TRUE
"693",1,1016166.70127197,-4677690.84099626,TRUE
"694",1,942972.730629559,-4673132.93185848,TRUE
"695",1,1086463.57122556,-4692855.12481882,TRUE
"696",1,1138273.63672356,-4677723.44919856,TRUE
"697",1,1142218.29653271,-4682227.56982676,TRUE
"698",1,1084644.70537669,-4699110.27019035,TRUE
"699",1,1121710.3367052,-4683294.17383392,TRUE
"700",1,1207808.17486785,-4698494.09252887,TRUE
"701",1,1124434.64054371,-4681730.41495862,TRUE
"702",1,1120482.67000002,-4683269.76973609,TRUE
"703",1,1174907.79982685,-4678179.51518386,TRUE
"704",1,1162445.5824233,-4682857.96561182,TRUE
"705",1,1141781.39609257,-4682490.25392387,TRUE
"706",1,1067762.92001499,-4705768.61735751,TRUE
"707",1,1124434.64054371,-4681730.41495862,TRUE
"708",1,1123483.73019002,-4683989.97560615,TRUE
"709",1,1120282.30229255,-4710020.31054238,TRUE
"710",1,1166430.28130945,-4691051.893463,TRUE
"711",1,1127136.9874585,-4703510.21169829,TRUE
"712",1,1216313.99941827,-4663768.04590044,TRUE
"713",1,1138139.3989683,-4694008.82699616,TRUE
"714",1,1088026.91955192,-4679891.57984945,TRUE
"715",1,1141708.76735149,-4687197.93808482,TRUE
"716",1,1084644.70537669,-4699110.27019035,TRUE
"717",1,1203274.19330711,-4713112.68904646,TRUE
"718",1,1164927.02190136,-4672557.66141477,TRUE
"719",1,1135845.77642621,-4686391.16838474,TRUE
"720",1,1170641.06528652,-4668733.79560647,TRUE
"721",1,1189271.0191844,-4672869.04755126,TRUE
"722",1,1141708.76735149,-4687197.93808482,TRUE
"723",1,1209177.65925638,-4697093.31738022,TRUE
"724",1,1141781.39609257,-4682490.25392387,TRUE
"725",1,1125022.9238822,-4684969.03051794,TRUE
"726",1,1119791.0351028,-4710682.83877763,TRUE
"727",1,1180080.4429581,-4677678.04229476,TRUE
"728",1,1203822.66650245,-4713782.76030476,TRUE
"729",1,1072105.2703125,-4702869.53266587,TRUE
"730",1,1165670.10134302,-4690462.22851054,TRUE
"731",1,1202825.4690676,-4698099.22185265,TRUE
"732",1,1143127.3404171,-4714703.72060828,TRUE
"733",1,1067433.69661507,-4706787.30176459,TRUE
"734",1,1175576.59816389,-4678656.95766844,TRUE
"735",1,1165603.71832571,-4667915.11885599,TRUE
"736",1,1165922.9327183,-4690415.11464988,TRUE
"737",1,1110856.14510607,-4709865.85138369,TRUE
"738",1,1110968.21225993,-4709774.83482585,TRUE
"739",1,1164549.07159331,-4674260.6154129,TRUE
"740",1,1071951.34058103,-4700961.56367023,TRUE
"741",1,1165903.90897407,-4690178.45555773,TRUE
"742",1,1166430.28130945,-4691051.893463,TRUE
"743",1,1066327.68830352,-4701860.56740222,TRUE
"744",1,1204317.28915621,-4698555.72258711,TRUE
"745",1,1061960.60264374,-4701666.21180951,TRUE
"746",1,1105723.57339598,-4687173.31121409,TRUE
"747",1,1063682.56343304,-4692284.09515597,TRUE
"748",1,1074647.83166002,-4689401.885449,TRUE
"749",1,1199288.31180998,-4673399.55082322,TRUE
"750",1,1089964.75150854,-4674986.3641514,TRUE
"751",1,1072442.01387136,-4687834.11232528,TRUE
"752",1,1072287.54497559,-4694630.72920872,TRUE
"753",1,1112193.28953276,-4709537.78750302,TRUE
"754",1,1180589.95645334,-4686501.91451958,TRUE
"755",1,1187745.89228808,-4663391.42603323,TRUE
"756",1,1049069.0395887,-4679625.72586149,TRUE
"757",1,1144908.69820849,-4671242.94034469,TRUE
"758",1,1198804.51648171,-4672588.485009,TRUE
"759",1,1118161.29980445,-4679794.84739181,TRUE
"760",1,1100495.26654172,-4680271.86701511,TRUE
"761",1,1092609.73778904,-4677155.91510754,TRUE
"762",1,1103058.62451,-4682650.95149237,TRUE
"763",1,1206068.3011026,-4704911.6211119,TRUE
"764",1,1124609.36206542,-4681030.92326991,TRUE
"765",1,1120080.9701659,-4694097.33392916,TRUE
"766",1,1089964.75150854,-4674986.3641514,TRUE
"767",1,1206454.77917946,-4660772.92627384,TRUE
"768",1,1108078.48332304,-4708939.2780034,TRUE
"769",1,1191617.4159304,-4684167.19347935,TRUE
"770",1,1197789.10410952,-4674958.80112493,TRUE
"771",1,1200776.34177766,-4683753.97243123,TRUE
"772",1,1191617.4159304,-4684167.19347935,TRUE
"773",1,1194668.62708162,-4663992.41522047,TRUE
"774",1,1145646.82332573,-4686781.23723892,TRUE
"775",1,1215342.39445908,-4720672.74021477,TRUE
"776",1,1116373.55506377,-4711702.8014123,TRUE
"777",1,1170614.67050349,-4660576.62153847,TRUE
"778",1,1188680.5312311,-4666356.78538811,TRUE
"779",1,1165430.72885756,-4679124.21254665,TRUE
"780",1,1085165.2807037,-4677848.64896115,TRUE
"781",1,1185970.4418822,-4667007.20488059,TRUE
"782",1,1124791.90470427,-4684227.5631029,TRUE
"783",1,1200419.7433449,-4653192.05301709,TRUE
"784",1,1085619.14549092,-4678408.87208365,TRUE
"785",1,1163219.34561281,-4663166.954478,TRUE
"786",1,1136577.84747955,-4697232.74305394,TRUE
"787",1,1086463.57122556,-4692855.12481882,TRUE
"788",1,1086919.10151472,-4679211.58454194,TRUE
"789",1,1168378.45492247,-4656729.81155706,TRUE
"790",1,1168447.29370987,-4658067.54862844,TRUE
"791",1,1141744.94093313,-4680846.681315,TRUE
"792",1,1190727.21148938,-4685726.27829579,TRUE
"793",1,1113983.06773849,-4687620.71965395,TRUE
"794",1,1210618.41592258,-4718664.84317956,TRUE
"795",1,1080552.85428989,-4697364.95759374,TRUE
"796",1,1110803.08252498,-4677756.38631731,TRUE
"797",1,1141937.38127791,-4680968.90035435,TRUE
"798",1,1067670.11725818,-4697535.51906746,TRUE
"799",1,1215421.51889405,-4717808.70358336,TRUE
"800",1,1074762.7067832,-4691933.96330639,TRUE
"801",1,1056147.71143516,-4689453.97914586,TRUE
"802",1,1157821.51572959,-4685738.57045794,TRUE
"803",1,1180153.30290546,-4665805.72473733,TRUE
"804",1,1141745.06757937,-4684843.98181728,TRUE
"805",1,1171651.43661087,-4656755.00884344,TRUE
"806",1,1165679.16295401,-4665157.86288647,TRUE
"807",1,1141708.76735149,-4687197.93808482,TRUE
"808",1,1121325.58459042,-4683049.37406317,TRUE
"809",1,1215371.87005698,-4719342.24563515,TRUE
"810",1,1083845.1661105,-4679886.82331518,TRUE
"811",1,1166953.40700083,-4660679.85475543,TRUE
"812",1,1168011.12906529,-4658330.34530382,TRUE
"813",1,1215502.92430081,-4718021.90764436,TRUE
"814",1,1120482.67000002,-4683269.76973609,TRUE
"815",1,1110858.49985908,-4679197.20517851,TRUE
"816",1,1088238.02076911,-4695503.14066354,TRUE
"817",1,1168218.41294256,-4660572.9053945,TRUE
"818",1,1135854.25779175,-4698286.61944543,TRUE
"819",1,1147477.80315342,-4675139.10350041,TRUE
"820",1,1114987.05537417,-4687827.30858218,TRUE
"821",1,1124434.64054371,-4681730.41495862,TRUE
"822",1,1168385.54885267,-4658675.48924691,TRUE
"823",1,1106467.78788292,-4710671.86891276,TRUE
"824",1,1161994.12734429,-4668162.46582068,TRUE
"825",1,1079783.87143959,-4698443.70391119,TRUE
"826",1,1089964.52225471,-4674988.61604919,TRUE
"827",1,1079569.72704073,-4697971.76273601,TRUE
"828",1,1079536.00676357,-4697648.07224389,TRUE
"829",1,1089964.75150854,-4674986.3641514,TRUE
"830",1,1172188.35267122,-4698693.63419279,TRUE
"831",1,1203890.08380686,-4671848.88246916,TRUE
"832",1,1127731.57552756,-4697877.39736475,TRUE
"833",1,1192735.22540749,-4668703.90079184,TRUE
"834",1,1108271.69572379,-4692258.22878627,TRUE
"835",1,1073304.84630817,-4691164.90283839,TRUE
"836",1,1112165.65766068,-4699284.71996982,TRUE
"837",1,1188357.91835975,-4673801.2191129,TRUE
"838",1,1160013.25267339,-4693884.39308416,TRUE
"839",1,1209548.82324804,-4711892.20320058,TRUE
"840",1,1135745.15429552,-4690962.64080469,TRUE
"841",1,1196235.56595197,-4650436.81388838,TRUE
"842",1,1148726.84469397,-4689943.01897464,TRUE
"843",1,1199288.31180998,-4673399.55082322,TRUE
"844",1,1127731.57552756,-4697877.39736475,TRUE
"845",1,1091594.1053037,-4688261.48588626,TRUE
"846",1,1124353.61221946,-4678544.56431559,TRUE
"847",1,1124106.10760186,-4682926.59590015,TRUE
"848",1,1214398.72785123,-4721912.57084455,TRUE
"849",1,1199288.31180998,-4673399.55082322,TRUE
"850",1,1104662.96119124,-4684298.50670407,TRUE
"851",1,1121486.77149573,-4686449.23675036,TRUE
"852",1,1124451.71547776,-4679579.64550351,TRUE
"853",1,1122319.29275162,-4686330.20871724,TRUE
"854",1,1127731.57552756,-4697877.39736475,TRUE
"855",1,1072795.09003855,-4701946.9920626,TRUE
"856",1,1103255.44178739,-4699116.56901173,TRUE
"857",1,1162077.03769789,-4686200.33110401,TRUE
"858",1,1103255.44178739,-4699116.56901173,TRUE
"859",1,1202267.52105117,-4679089.1318528,TRUE
"860",1,1188568.2374016,-4677816.72142658,TRUE
"861",1,1113739.21544532,-4709528.29103099,TRUE
"862",1,1122806.60033175,-4699632.33820618,TRUE
"863",1,1103255.44178739,-4699116.56901173,TRUE
"864",1,1073213.37872957,-4702653.0449973,TRUE
"865",1,1191617.4159304,-4684167.19347935,TRUE
"866",1,1188835.56331019,-4672108.3843653,TRUE
"867",1,1138258.29519924,-4675877.36102938,TRUE
"868",1,1087185.49574809,-4694777.35667154,TRUE
"869",1,1158731.07657789,-4695190.32889214,TRUE
"870",1,1076578.30660063,-4690278.47968263,TRUE
"871",1,1216338.80127919,-4722002.50771254,TRUE
"872",1,1203361.07735819,-4715839.23845278,TRUE
"873",1,1206730.1037035,-4672167.69268106,TRUE
"874",1,1211966.10492947,-4713363.24629082,TRUE
"875",1,1094307.9589672,-4703721.66231974,TRUE
"876",1,1067770.45631519,-4704131.09728827,TRUE
"877",1,1120633.90212229,-4683800.04304611,TRUE
"878",1,1067054.59886489,-4703493.0377764,TRUE
"879",1,1120247.78971696,-4683776.51906295,TRUE
"880",1,1120338.32898438,-4683257.91964242,TRUE
"881",1,1120195.12509642,-4682967.34254079,TRUE
"882",1,1067002.57572703,-4703441.35597159,TRUE
"883",1,1068079.75511232,-4702085.20881787,TRUE
"884",1,1064523.17397185,-4700833.11130389,TRUE
"885",1,1067534.31920531,-4701884.97886613,TRUE
"886",1,1120496.41251403,-4683949.85566522,TRUE
"887",1,1120397.2975734,-4683371.659287,TRUE
"888",1,1067754.70480338,-4704076.05796938,TRUE
"889",1,1120133.21817062,-4682852.27424001,TRUE
"890",1,1067779.07324395,-4704263.39666689,TRUE
"891",1,1206654.52119673,-4710065.76864797,TRUE
"892",1,1066296.05276942,-4702666.72937306,TRUE
"893",1,1120155.89868718,-4683495.34407121,TRUE
"894",1,1067510.26920036,-4701325.12015385,TRUE
"895",1,1209071.47168495,-4711537.04907246,TRUE
"896",1,1119973.79182651,-4682797.85515612,TRUE
"897",1,1119882.90051731,-4683210.81742036,TRUE
"898",1,1120341.5281924,-4683722.65172763,TRUE
"899",1,1120050.61385162,-4683541.86524812,TRUE
"900",1,1120225.97606825,-4683025.89127969,TRUE
"901",1,1068307.54244325,-4702163.64276429,TRUE
"902",1,1120216.23683803,-4683566.17064459,TRUE
"903",1,1066729.67876887,-4703196.99183873,TRUE
"904",1,1067389.37894778,-4701293.8851691,TRUE
"905",1,1120669.23704372,-4684003.608076,TRUE
"906",1,1119955.47183611,-4683024.56931813,TRUE
"907",1,1067777.40579716,-4704308.3858325,TRUE
"908",1,1090822.1681459,-4691670.14710688,TRUE
"909",1,1120052.47166552,-4683385.20592003,TRUE
"910",1,1119973.79182651,-4682797.85515612,TRUE
"911",1,1120669.23704372,-4684003.608076,TRUE
"912",1,1120356.67108229,-4683774.45176116,TRUE
"913",1,1089964.75150854,-4674986.3641514,TRUE
"914",1,1105560.42696551,-4684453.39881174,TRUE
"915",1,1119982.43012495,-4682734.16438106,TRUE
"916",1,1067499.58308168,-4703847.9451204,TRUE
"917",1,1120535.5923171,-4684007.21681272,TRUE
"918",1,1203314.93377352,-4713732.0971903,TRUE
"919",1,1067677.37028486,-4701988.34617428,TRUE
"920",1,1067767.22532994,-4702012.19845516,TRUE
"921",1,1120225.97606825,-4683025.89127969,TRUE
"922",1,1120460.71857521,-4683492.01145206,TRUE
"923",1,1120341.5281924,-4683722.65172763,TRUE
"924",1,1120474.86351841,-4683870.73900586,TRUE
"925",1,1120295.77744172,-4683808.13691491,TRUE
"926",1,1067255.29514304,-4703643.55653608,TRUE
"927",1,1067476.07689586,-4703817.74952324,TRUE
"928",1,1120196.29928559,-4683669.70198173,TRUE
"929",1,1165265.3893805,-4670236.27921705,TRUE
"930",1,1165746.29087978,-4667519.97201837,TRUE
"931",1,1120633.90212229,-4683800.04304611,TRUE
"932",1,1120496.41251403,-4683949.85566522,TRUE
"933",1,1148139.23326401,-4689914.73443369,TRUE
"934",1,1120689.23633708,-4683909.30778937,TRUE
"935",1,1065919.97052106,-4702038.87672795,TRUE
"936",1,1119882.90051731,-4683210.81742036,TRUE
"937",1,1066458.71456841,-4702914.85179526,TRUE
"938",1,1066757.18423252,-4703218.37183858,TRUE
"939",1,1120117.96527344,-4682712.30298628,TRUE
"940",1,1067777.40579716,-4704308.3858325,TRUE
"941",1,1064677.20071953,-4700696.45964036,TRUE
"942",1,1120501.25752834,-4683565.91534852,TRUE
"943",1,1064477.11748763,-4700861.08833493,TRUE
"944",1,1067537.66296945,-4703885.83806657,TRUE
"945",1,1120761.78492105,-4684030.60520649,TRUE
"946",1,1066234.18058201,-4702669.43344353,TRUE
"947",1,1120689.23633708,-4683909.30778937,TRUE
"948",1,1152342.5825051,-4669972.3735191,TRUE
"949",1,1120750.03534029,-4683995.55922448,TRUE
"950",1,1120050.61385162,-4683541.86524812,TRUE
"951",1,1067671.82211245,-4701369.88266546,TRUE
"952",1,1067233.97815364,-4701259.00716762,TRUE
"953",1,1105325.51332411,-4680187.49163551,TRUE
"954",1,1120052.47166552,-4683385.20592003,TRUE
"955",1,1067233.97815364,-4701259.00716762,TRUE
"956",1,1065919.97052106,-4702038.87672795,TRUE
"957",1,1120474.86351841,-4683870.73900586,TRUE
"958",1,1120397.2975734,-4683371.659287,TRUE
"959",1,1120535.5923171,-4684007.21681272,TRUE
"960",1,1064622.73857552,-4700755.36584169,TRUE
"961",1,1120587.80050009,-4683720.43875942,TRUE
"962",1,1120538.57749233,-4683661.01431422,TRUE
"963",1,1066729.67876887,-4703196.99183873,TRUE
"964",1,1067556.18110189,-4701843.15199719,TRUE
"965",1,1119953.55052354,-4683171.99324153,TRUE
"966",1,1067779.07324395,-4704263.39666689,TRUE
"967",1,1120604.67494038,-4684043.0653971,TRUE
"968",1,1196788.39060143,-4671052.27984362,TRUE
"969",1,1085747.09142876,-4690882.28252926,TRUE
"970",1,1208685.55081464,-4711293.53556638,TRUE
"971",1,1176768.89499124,-4664849.1402097,TRUE
"972",1,1095309.32984689,-4675937.62693529,TRUE
"973",1,1189473.77982053,-4672889.45422558,TRUE
"974",1,1179922.26277488,-4680563.20252187,TRUE
"975",1,1103255.44178739,-4699116.56901173,TRUE
"976",1,1120458.40983485,-4685864.12778595,TRUE
"977",1,1085250.82878546,-4691702.18529281,TRUE
"978",1,1200380.13349178,-4712310.90144499,TRUE
"979",1,1138224.97942706,-4708172.78596344,TRUE
"980",1,1206090.20020366,-4657257.16642118,TRUE
"981",1,1180631.56867095,-4679321.48389442,TRUE
"982",1,1142811.12012079,-4680443.56206973,TRUE
"983",1,1120891.05634166,-4707107.15844576,TRUE
"984",1,1179501.7395428,-4678336.65234469,TRUE
"985",1,1211051.61985181,-4659380.10663648,TRUE
"986",1,1207782.12695974,-4660803.32608264,TRUE
"987",1,1102864.37690158,-4702878.11814955,TRUE
"988",1,1209352.49276364,-4703568.00146972,TRUE
"989",1,1188487.90990554,-4676579.54405643,TRUE
"990",1,1180080.4429581,-4677678.04229476,TRUE
"991",1,1106324.09697424,-4686269.8050835,TRUE
"992",1,1191960.64257717,-4667507.98898278,TRUE
"993",1,1206758.72601687,-4662850.17955542,TRUE
"994",1,1197472.93086702,-4672771.54763857,TRUE
"995",1,1108428.54780704,-4677919.73191827,TRUE
"996",1,1088673.10810802,-4680574.45302799,TRUE
"997",1,1195785.9440715,-4667147.08897405,TRUE
"998",1,1125856.71317325,-4700745.39824554,TRUE
"999",1,606622.976700815,-4181316.65961646,TRUE
"1000",1,606622.976700815,-4181316.65961646,TRUE
"1001",1,606622.976700815,-4181316.65961646,TRUE
"1002",1,606622.976700815,-4181316.65961646,TRUE
